dict_code,dict_name,item_value,item_name,sort
bpm-audit-status,bpm审批状态,0,待提交,0
bpm-audit-status,bpm审批状态,1,审批中,1
bpm-audit-status,bpm审批状态,2,已完成,2
bpm-audit-status,bpm审批状态,3,已驳回,3
bpm-audit-status,bpm审批状态,4,已撤回,4
bpm-audit-status,bpm审批状态,2,已发放,2
bpm-audit-status,bpm审批状态,5,人工结束,5
C_GO_aixmqk0j8g,销售单位,C_GOI_cbgonvwc7h,件,0
C_GO_b00oy194er,客户来源,1,线索流转,0
C_GO_b00oy194er,客户来源,2,市局系统,1
C_GO_b00oy194er,客户来源,3,手动创建,2
C_GO_basnxay7jm,清单项线索来源,1,局领导交办,1
C_GO_basnxay7jm,清单项线索来源,2,省里转办,2
C_GO_basnxay7jm,清单项线索来源,3,省市重大活动对接,3
C_GO_basnxay7jm,清单项线索来源,4,部门,4
C_GO_basnxay7jm,清单项线索来源,5,区县,5
C_GO_basnxay7jm,清单项线索来源,6,商协会,6
C_GO_basnxay7jm,清单项线索来源,7,中介公司,7
C_GO_basnxay7jm,清单项线索来源,8,大院大所,8
C_GO_basnxay7jm,清单项线索来源,9,系统推送,9
C_GO_basnxay7jm,清单项线索来源,10,平台公司,10
C_GO_basnxay7jm,清单项线索来源,11,市领导交办,0
C_GO_basnxay7jm,清单项线索来源,13,合肥市投资促进有限公司,12
C_GO_basnxay7jm,清单项线索来源,99,其他,11
C_GO_bl9kwqk2au,成员状态,C_GOI_hcz7arob5d,已邀请,0
C_GO_bl9kwqk2au,成员状态,C_GOI_dfmfxsyej0,已回复,1
C_GO_bl9kwqk2au,成员状态,C_GOI_mc9jhakv1f,已报名,2
C_GO_bl9kwqk2au,成员状态,C_GOI_t742wxgqt2,已签到,3
C_GO_bl9kwqk2au,成员状态,C_GOI_o2sow7dxqn,已留资,4
C_GO_c0rr1phh9e,产品类型,C_GOI_l239z3mz6z,产品,0
C_GO_c0rr1phh9e,产品类型,C_GOI_l31t1uwav7,虚拟服务,1
C_GO_c59r9pk6yi,企业类型,1,世界500强,0
C_GO_c59r9pk6yi,企业类型,2,中国500强,1
C_GO_c59r9pk6yi,企业类型,3,央企,2
C_GO_c59r9pk6yi,企业类型,4,上市公司,3
C_GO_c59r9pk6yi,企业类型,5,国家专精特新小巨人,4
C_GO_c59r9pk6yi,企业类型,6,高新技术企业,6
C_GO_c59r9pk6yi,企业类型,7,独角兽,7
C_GO_c59r9pk6yi,企业类型,8,瞪羚企业,8
C_GO_c59r9pk6yi,企业类型,9,中国零售50强,9
C_GO_c59r9pk6yi,企业类型,10,省级专精特新中小企业,5
C_GO_c59r9pk6yi,企业类型,99,其他,10
C_GO_contract status,生效类型,C_GOI_e4ikyxkpu2,未生效,0
C_GO_contract status,生效类型,C_GOI_i81nws1b69,已生效,1
C_GO_dhv4pe23l1,国家地区,C_GOI_pvw3ptz6vy,中国,0
C_GO_dhv4pe23l1,国家地区,C_GOI_imst2mt58u,江苏,0
C_GO_dhv4pe23l1,国家地区,C_GOI_ehxn64j9vd,上海,1
C_GO_dhv4pe23l1,国家地区,C_GOI_jo4qutavb3,北京,2
C_GO_dhv4pe23l1,国家地区,C_GOI_je9jxdvn80,广东,3
C_GO_dhv4pe23l1,国家地区,C_GOI_lye77rvw23,深圳,4
C_GO_dhv4pe23l1,国家地区,C_GOI_lp9zs87stf,欧洲,1
C_GO_dhv4pe23l1,国家地区,C_GOI_uhdscdy0d4,英国,0
C_GO_dhv4pe23l1,国家地区,C_GOI_wwqywd2mla,瑞士,1
C_GO_dhv4pe23l1,国家地区,C_GOI_yysgk8dlya,德国,2
C_GO_dhv4pe23l1,国家地区,C_GOI_cseq1yq8gt,西班牙,3
C_GO_h9vfwu6nlu,分发渠道,C_GOI_tzgib3gpfb,抖音,0
C_GO_h9vfwu6nlu,分发渠道,C_GOI_ye7xm2elfk,facebook,1
C_GO_h9vfwu6nlu,分发渠道,C_GOI_oq0oomk4ug,默认渠道,2
C_GO_h9vfwu6nlu,分发渠道,C_GOI_iau8uuao11,Youtube,3
C_GO_hmqf23r4hm,活动类型,C_GOI_xvfusggibz,展会,0
C_GO_hmqf23r4hm,活动类型,C_GOI_acsbmca7f9,培训,1
C_GO_hmqf23r4hm,活动类型,C_GOI_iykib9b88s,发布会,2
C_GO_hmqf23r4hm,活动类型,C_GOI_whznis26wg,路演,3
C_GO_hmqf23r4hm,活动类型,C_GOI_fnez3b7swp,Open Day,4
C_GO_hmqf23r4hm,活动类型,C_GOI_inyb5xj1e1,广告投放,5
C_GO_hmqf23r4hm,活动类型,C_GOI_c6pr7jmk3v,KoL,6
C_GO_hmqf23r4hm,活动类型,C_GOI_f0arc8gmv8,媒体广告,7
C_GO_i7r3gju4nu,市场活动成员类型,C_GOI_q9ylx1zp65,线索,0
C_GO_i7r3gju4nu,市场活动成员类型,C_GOI_v7lgzo2925,联系人,1
C_GO_invoice_type,发票类型,C_GOI_w63ort3v75,增值税专用发票,0
C_GO_invoice_type,发票类型,C_GOI_bzupn3s9i9,增值税普通发票,1
C_GO_k2zwjw10tp,业态,C_GOI_pvr7t2hu7l,购物中心,0
C_GO_k2zwjw10tp,业态,C_GOI_vc8kj1kz32,超市,1
C_GO_k2zwjw10tp,业态,C_GOI_m7kxw1p5mh,食品,2
C_GO_k2zwjw10tp,业态,C_GOI_yur2muvd3p,医药,3
C_GO_k2zwjw10tp,业态,C_GOI_vnhwwo5zie,农业,4
C_GO_k2zwjw10tp,业态,C_GOI_msb8kbh7ij,餐饮,5
C_GO_k2zwjw10tp,业态,C_GOI_bdjlir4w12,酒店,6
C_GO_k2zwjw10tp,业态,C_GOI_j9pd8cs7bz,便利店,7
C_GO_k2zwjw10tp,业态,C_GOI_m5puc2qgb4,休闲娱乐,8
C_GO_k2zwjw10tp,业态,C_GOI_fwizabd29g,百货,9
C_GO_k2zwjw10tp,业态,C_GOI_pw32f6onx0,快印,10
C_GO_k2zwjw10tp,业态,C_GOI_dlktg0djzv,旅游,11
C_GO_k2zwjw10tp,业态,C_GOI_kks14r3s71,数码通信,12
C_GO_k2zwjw10tp,业态,C_GOI_nxqir0te5x,互联网,13
C_GO_k2zwjw10tp,业态,C_GOI_xn5grjin5f,汽车维护保养,14
C_GO_k2zwjw10tp,业态,C_GOI_tr9u1fzks9,服装,15
C_GO_k2zwjw10tp,业态,C_GOI_rwn6nq4ife,教育,16
C_GO_k2zwjw10tp,业态,C_GOI_mpaj84ofhs,健身,17
C_GO_k2zwjw10tp,业态,C_GOI_o2h9mymaqt,书店,18
C_GO_k2zwjw10tp,业态,C_GOI_n0tejolp8r,化妆品,19
C_GO_k2zwjw10tp,业态,C_GOI_f1fj2nyrdr,家居,20
C_GO_k2zwjw10tp,业态,C_GOI_m09c0urj76,母婴,21
C_GO_k2zwjw10tp,业态,C_GOI_pqea15augv,珠宝,22
C_GO_k2zwjw10tp,业态,C_GOI_uj79ndixvg,文具,23
C_GO_k2zwjw10tp,业态,C_GOI_zl5zxtlsog,美容,24
C_GO_k2zwjw10tp,业态,C_GOI_wche82wccl,乐园,25
C_GO_k2zwjw10tp,业态,C_GOI_p97jsnaaxn,电器,26
C_GO_k2zwjw10tp,业态,C_GOI_elmck9tw80,干洗店,27
C_GO_k2zwjw10tp,业态,C_GOI_cmr3sy301c,机场商业,28
C_GO_k2zwjw10tp,业态,C_GOI_f69cjc901f,物流,29
C_GO_k2zwjw10tp,业态,C_GOI_mf4ofv17ro,影院,30
C_GO_k2zwjw10tp,业态,C_GOI_mgc9myilbz,综合,31
C_GO_k2zwjw10tp,业态,C_GOI_lv237m7886,其他,32
C_GO_mfrbnnvnsq,举办方式,C_GOI_eal2okwncv,线下,0
C_GO_mfrbnnvnsq,举办方式,C_GOI_iv1r78qwwi,线上,1
C_GO_n2m30yjggo,合同状态,C_GOI_zb01v15wtf,未生效,0
C_GO_n2m30yjggo,合同状态,C_GOI_q856n4nsut,已生效,1
C_GO_n2m30yjggo,合同状态,C_GOI_y7ycm4v6tw,已作废,2
C_GO_pam3agrdw7,行业,1,工业,0
C_GO_pam3agrdw7,行业,2,农业,1
C_GO_pam3agrdw7,行业,3,生产性服务业,2
C_GO_pam3agrdw7,行业,4,生活性服务业,3
C_GO_pam3agrdw7,行业,2,农业,0
C_GO_pam3agrdw7,行业,3,生产性服务业,1
C_GO_pam3agrdw7,行业,4,生活性服务业,2
C_GO_pam3agrdw7,行业,5,工业-制造业,3
C_GO_pam3agrdw7,行业,6,工业-非制造业,4
C_GO_payment,支付方式,C_GOI_alipay,支付宝,0
C_GO_payment,支付方式,C_GOI_wechat,微信,1
C_GO_rfw1awze5d,人员规模,C_GOI_zy2ljv0axx,10人以内,0
C_GO_rfw1awze5d,人员规模,C_GOI_yz2178r5ah,10-50,1
C_GO_rfw1awze5d,人员规模,C_GOI_s0bh69o2l3,50-100,3
C_GO_rfw1awze5d,人员规模,C_GOI_b8h7035emm,100-500,4
C_GO_rfw1awze5d,人员规模,C_GOI_hw1h9y776q,500-1000,5
C_GO_rfw1awze5d,人员规模,C_GOI_rl1vi9nu8t,1000-5000,6
C_GO_rfw1awze5d,人员规模,C_GOI_ivv8fr0iu4,5000-10000,7
C_GO_rfw1awze5d,人员规模,C_GOI_vjnnmx93yw,10000以上,8
C_GO_rfw1awze5d,人员规模,小于50人,小于50人,2
C_GO_rowcq041pl,邀请结果,C_GOI_by5wo89qvc,确认参加,0
C_GO_rowcq041pl,邀请结果,C_GOI_ofbobwzfwq,无法参加,1
C_GO_rowcq041pl,邀请结果,C_GOI_zhy7dlq8qo,待定,2
C_GO_yaz85n6xn8,所在区域,C_GOI_ew7ngsk6dh,华东,0
C_GO_yaz85n6xn8,所在区域,C_GOI_em6lw0lmki,华南,1
C_GO_yaz85n6xn8,所在区域,C_GOI_ude8gc3x8z,华北,2
C_GO_yaz85n6xn8,所在区域,C_GOI_hkvasaxy8t,华中,3
C_GO_yaz85n6xn8,所在区域,C_GOI_q238zn99cx,西南,4
C_GO_yaz85n6xn8,所在区域,C_GOI_o9quixf41v,东北,5
C_GO_yaz85n6xn8,所在区域,C_GOI_wsf1cf233x,全国,6
C_GO_yaz85n6xn8,所在区域,C_GOI_mlcs8xfsnq,西北,7
GO__reason_termination,终止原因,GOI_1,经研判不符合规划,0
GO__reason_termination,终止原因,GOI_2,重复项目,1
GO__reason_termination,终止原因,GOI_3,已有在谈或签约项目,2
GO_activity_role,活动相关方角色定位,GOI_main,主办单位,0
GO_activity_role,活动相关方角色定位,GOI_co_org,协办单位,1
GO_activity_role,活动相关方角色定位,GOI_contractor,承办单位,2
GO_activity_role,活动相关方角色定位,GOI_support,支持单位,3
GO_activity_role,活动相关方角色定位,GOI_guidance,指导单位,4
GO_activity_role,活动相关方角色定位,GOI_sponsor,赞助单位,5
GO_bd8p5ufzut,任务事项,0,其他,0
GO_bd8p5ufzut,任务事项,1,线索研判,1
GO_bd8p5ufzut,任务事项,2,专项研判,2
GO_bd8p5ufzut,任务事项,3,项目接待,3
GO_belong_industry,所属行业,1,新能源汽车,0
GO_belong_industry,所属行业,2,新一代信息技术,1
GO_belong_industry,所属行业,3,先进光伏及新型储能,2
GO_belong_industry,所属行业,4,生物医药,3
GO_belong_industry,所属行业,5,智能家电（居）,4
GO_belong_industry,所属行业,6,高端装备及新材料,5
GO_belong_industry,所属行业,7,量子信息,6
GO_belong_industry,所属行业,8,空天技术,7
GO_belong_industry,所属行业,9,聚变能源,8
GO_belong_industry,所属行业,10,下一代人工智能,9
GO_belong_industry,所属行业,11,合成生物,10
GO_belong_industry,所属行业,12,低空经济,11
GO_belong_industry,所属行业,13,生物制造,12
GO_belong_industry,所属行业,14,新型显示,13
GO_belong_industry,所属行业,1,新能源及智能网联汽车,0
GO_belong_industry,所属行业,2,新一代信息技术-集成电路,1
GO_belong_industry,所属行业,3,新一代信息技术-智能机器人,2
GO_belong_industry,所属行业,5,新一代信息技术-新型显示,3
GO_belong_industry,所属行业,6,新一代信息技术-智能城市,4
GO_belong_industry,所属行业,8,智能家电（居）,7
GO_belong_industry,所属行业,9,先进光伏及新型储能,8
GO_belong_industry,所属行业,10,生物医药,9
GO_belong_industry,所属行业,11,高端装备及新材料-新材料,10
GO_belong_industry,所属行业,12,高端装备及新材料-高端装备,11
GO_belong_industry,所属行业,35,新一代信息技术-数字经济,5
GO_belong_industry,所属行业,37,新一代信息技术-人工智能,6
GO_belong_industry,所属行业,36,节能环保与新能源（除光储）,12
GO_belong_industry,所属行业,14,量子信息与仪器,13
GO_belong_industry,所属行业,15,空天技术-空天信息与商业航天,14
GO_belong_industry,所属行业,16,空天技术-低空经济,15
GO_belong_industry,所属行业,17,聚变能源,16
GO_belong_industry,所属行业,19,生物制造,17
GO_belong_industry,所属行业,21,绿色食品及现代种业（现代农业和农产品加工）,18
GO_belong_industry,所属行业,38,文旅商贸和生活性服务业,19
GO_belong_industry,所属行业,39,生产性服务业,20
GO_belong_industry,所属行业,33,现代法务服务业,21
GO_belong_industry,所属行业,34,其他,22
GO_bmmogspz34,投资机构级别,10,A,0
GO_bmmogspz34,投资机构级别,20,A-,1
GO_bmmogspz34,投资机构级别,30,B,2
GO_bmmogspz34,投资机构级别,40,C,3
GO_bve2e8j1rh,线索来源,1,市局线索,0
GO_bve2e8j1rh,线索来源,2,投促公司线索,1
GO_bve2e8j1rh,线索来源,3,外部机构线索,2
GO_bve2e8j1rh,线索来源,4,并购线索,3
GO_calc_score_type,计算分值方式,1,动态（可重复获取，事件触发立即计算分值）,0
GO_calc_score_type,计算分值方式,2,静态（不可重复获取，基于最终结果计算分值）,1
GO_carrier_type,载体类型,ST_ghwvcdvvh6,产业园区,0
GO_carrier_type,载体类型,ST_dfbygq4ylz,地块资源,1
GO_carrier_type,载体类型,ST_h3398I41ar,楼宇资源,2
GO_carrier_type,载体类型,ST_v9uwjyxkkd,厂房资源,3
GO_cooperate_partner_type,合作伙伴类型,BTE_company,企业,0
GO_cooperate_partner_type,合作伙伴类型,BTE_invest,投资机构,1
GO_cooperate_partner_type,合作伙伴类型,BTE_finance,金融机构,2
GO_cooperate_partner_type,合作伙伴类型,BTE_think_tank,新研机构,3
GO_cooperate_partner_type,合作伙伴类型,BTE_expert,专家库,4
GO_cooperate_partner_type,合作伙伴类型,BTE_scenario,场景,5
GO_cooperate_partner_type,合作伙伴类型,BTE_company,上市公司,0
GO_drdc_status,导入导出状态,GOI_drdc_fail,执行失败,4
GO_drdc_status,导入导出状态,GOI_drdc_success,执行成功,3
GO_drdc_status,导入导出状态,GOI_drdc_part,部分成功,2
GO_drdc_status,导入导出状态,GOI_drdc_in,进行中,1
GO_drdc_status,导入导出状态,GOI_drdc_no,未开始,0
GO_eejf545u6n,进度,1,对接,0
GO_eejf545u6n,进度,2,立项,1
GO_eejf545u6n,进度,3,尽调,2
GO_eejf545u6n,进度,4,投决,3
GO_eejf545u6n,进度,5,交割,4
GO_ei0goe8t06,研判意见,1,重点推进,0
GO_ei0goe8t06,研判意见,2,进一步推进,1
GO_ei0goe8t06,研判意见,3,保持推进,2
GO_ei0goe8t06,研判意见,4,不推进,3
GO_expert_level,专家级别,GOI_qw5qywwz84,首席,0
GO_expert_level,专家级别,GOI_v0bv3ojz7l,一般,1
GO_expert_source,专家信息来源,GOI_mr1n4tnjcn,省发改委,0
GO_expert_source,专家信息来源,GOI_vqklsfhxfj,市科技局,1
GO_expert_type,专家类型,GOI_bwd96peuoh,管理类,0
GO_expert_type,专家类型,GOI_iu41xjigro,财务金融类,1
GO_expert_type,专家类型,GOI_fxdxqwscan,技术类,2
GO_eyls9msrcg,待办紧急程度,GOI_urgent,紧急,0
GO_eyls9msrcg,待办紧急程度,GOI_not_urgent,不紧急,1
GO_f6dydhisa5,并购买方企业类型,GOI_zqyzfv4y6s,省属国企,0
GO_f6dydhisa5,并购买方企业类型,GOI_j17nvi2gi0,市属国企,1
GO_f6dydhisa5,并购买方企业类型,GOI_foyqrkishz,区属国企,2
GO_f6dydhisa5,并购买方企业类型,GOI_av4bfzjzfi,市场化机构,3
GO_f6dydhisa5,并购买方企业类型,GOI_tod6covsxx,民营企业,4
GO_f6dydhisa5,并购买方企业类型,GOI_zo0g3qbunt,其他,5
GO_f6pl998g8w,投资方来源地,GOI_x1z5m3t37b,北京市-北京市,0
GO_f6pl998g8w,投资方来源地,GOI_nn0no0dzr4,天津市-天津市,1
GO_f6pl998g8w,投资方来源地,GOI_ayip5by0dq,河北省-石家庄市,2
GO_f6pl998g8w,投资方来源地,GOI_d94377w63o,河北省-唐山市,3
GO_f6pl998g8w,投资方来源地,GOI_vt9zep3lkt,河北省-秦皇岛市,4
GO_f6pl998g8w,投资方来源地,GOI_mv5nyvi3cq,河北省-邯郸市,5
GO_f6pl998g8w,投资方来源地,GOI_e7lb0p8568,河北省-邢台市,6
GO_f6pl998g8w,投资方来源地,GOI_dx4pkxc1fa,河北省-保定市,7
GO_f6pl998g8w,投资方来源地,GOI_r7qr6p4p21,河北省-张家口市,8
GO_f6pl998g8w,投资方来源地,GOI_yl2xnvjfwp,河北省-承德市,9
GO_f6pl998g8w,投资方来源地,GOI_jwdc9o7liw,河北省-沧州市,10
GO_f6pl998g8w,投资方来源地,GOI_hfq9s813t3,河北省-廊坊市,11
GO_f6pl998g8w,投资方来源地,GOI_omvlumx4pn,河北省-衡水市,12
GO_f6pl998g8w,投资方来源地,GOI_v4ty48e4ao,山西省-太原市,13
GO_f6pl998g8w,投资方来源地,GOI_iez491x5j7,山西省-大同市,14
GO_f6pl998g8w,投资方来源地,GOI_fybsbmysz2,山西省-阳泉市,15
GO_f6pl998g8w,投资方来源地,GOI_ihqcox3lm2,山西省-长治市,16
GO_f6pl998g8w,投资方来源地,GOI_uku8467vhy,山西省-晋城市,17
GO_f6pl998g8w,投资方来源地,GOI_i6i9wg34d1,山西省-朔州市,18
GO_f6pl998g8w,投资方来源地,GOI_tea8q4z3f7,山西省-晋中市,19
GO_f6pl998g8w,投资方来源地,GOI_h23hbbflal,山西省-运城市,20
GO_f6pl998g8w,投资方来源地,GOI_yhma42wgq4,山西省-忻州市,21
GO_f6pl998g8w,投资方来源地,GOI_oveveufc26,山西省-临汾市,22
GO_f6pl998g8w,投资方来源地,GOI_wcoxjgmngb,山西省-吕梁市,23
GO_f6pl998g8w,投资方来源地,GOI_twhp9yhxl7,内蒙古自治区-呼和浩特市,24
GO_f6pl998g8w,投资方来源地,GOI_j85t8dtrlj,内蒙古自治区-包头市,25
GO_f6pl998g8w,投资方来源地,GOI_jbjemjwp6a,内蒙古自治区-乌海市,26
GO_f6pl998g8w,投资方来源地,GOI_anjd3pmbai,内蒙古自治区-赤峰市,27
GO_f6pl998g8w,投资方来源地,GOI_pmgland69j,内蒙古自治区-通辽市,28
GO_f6pl998g8w,投资方来源地,GOI_mr3jpdnxtb,内蒙古自治区-鄂尔多斯市,29
GO_f6pl998g8w,投资方来源地,GOI_dlwk56wv1q,内蒙古自治区-呼伦贝尔市,30
GO_f6pl998g8w,投资方来源地,GOI_xoaiavuhi8,内蒙古自治区-巴彦淖尔市,31
GO_f6pl998g8w,投资方来源地,GOI_glk4yd4q2p,内蒙古自治区-乌兰察布市,32
GO_f6pl998g8w,投资方来源地,GOI_u94f3v6xas,内蒙古自治区-兴安盟,33
GO_f6pl998g8w,投资方来源地,GOI_h80srlycno,内蒙古自治区-锡林郭勒盟,34
GO_f6pl998g8w,投资方来源地,GOI_bll11g9x6y,内蒙古自治区-阿拉善盟,35
GO_f6pl998g8w,投资方来源地,GOI_x5cwv5uib9,辽宁省-沈阳市,36
GO_f6pl998g8w,投资方来源地,GOI_fonmkq3qcu,辽宁省-大连市,37
GO_f6pl998g8w,投资方来源地,GOI_abqv6ros1f,辽宁省-鞍山市,38
GO_f6pl998g8w,投资方来源地,GOI_zqbt22pjkz,辽宁省-抚顺市,39
GO_f6pl998g8w,投资方来源地,GOI_x4mjqvrgw4,辽宁省-本溪市,40
GO_f6pl998g8w,投资方来源地,GOI_t27i0vp7z3,辽宁省-丹东市,41
GO_f6pl998g8w,投资方来源地,GOI_clergj1tcj,辽宁省-锦州市,42
GO_f6pl998g8w,投资方来源地,GOI_cjoohfftoc,辽宁省-营口市,43
GO_f6pl998g8w,投资方来源地,GOI_snau3103es,辽宁省-阜新市,44
GO_f6pl998g8w,投资方来源地,GOI_kq9wq55llx,辽宁省-辽阳市,45
GO_f6pl998g8w,投资方来源地,GOI_vmuctqgnu4,辽宁省-盘锦市,46
GO_f6pl998g8w,投资方来源地,GOI_jnrud7ifut,辽宁省-铁岭市,47
GO_f6pl998g8w,投资方来源地,GOI_qbpdjrwzag,辽宁省-朝阳市,48
GO_f6pl998g8w,投资方来源地,GOI_f537jxh5aa,辽宁省-葫芦岛市,49
GO_f6pl998g8w,投资方来源地,GOI_ghilyx9y4v,吉林省-长春市,50
GO_f6pl998g8w,投资方来源地,GOI_ftk6rdqt84,吉林省-吉林市,51
GO_f6pl998g8w,投资方来源地,GOI_i5qex6jwdh,吉林省-四平市,52
GO_f6pl998g8w,投资方来源地,GOI_jyvxq5y1zp,吉林省-辽源市,53
GO_f6pl998g8w,投资方来源地,GOI_dqwhy1sa2d,吉林省-通化市,54
GO_f6pl998g8w,投资方来源地,GOI_o5xpk759xy,吉林省-白山市,55
GO_f6pl998g8w,投资方来源地,GOI_n3qdys2p54,吉林省-松原市,56
GO_f6pl998g8w,投资方来源地,GOI_yrs8946mxq,吉林省-白城市,57
GO_f6pl998g8w,投资方来源地,GOI_z9jz1g6gdd,吉林省-延边朝鲜族自治州,58
GO_f6pl998g8w,投资方来源地,GOI_k0vvvb7tn6,黑龙江省-哈尔滨市,59
GO_f6pl998g8w,投资方来源地,GOI_qh4mba8fnj,黑龙江省-齐齐哈尔市,60
GO_f6pl998g8w,投资方来源地,GOI_i4wcqw54f0,黑龙江省-鸡西市,61
GO_f6pl998g8w,投资方来源地,GOI_y6dfiyxexa,黑龙江省-鹤岗市,62
GO_f6pl998g8w,投资方来源地,GOI_pt1dzwmw7k,黑龙江省-双鸭山市,63
GO_f6pl998g8w,投资方来源地,GOI_wnvckhfyra,黑龙江省-大庆市,64
GO_f6pl998g8w,投资方来源地,GOI_bkft4ktx4v,黑龙江省-伊春市,65
GO_f6pl998g8w,投资方来源地,GOI_u0ifggzgcp,黑龙江省-佳木斯市,66
GO_f6pl998g8w,投资方来源地,GOI_ochl2dflvo,黑龙江省-七台河市,67
GO_f6pl998g8w,投资方来源地,GOI_lhhsgi4w4r,黑龙江省-牡丹江市,68
GO_f6pl998g8w,投资方来源地,GOI_sq2kfqcuw7,黑龙江省-黑河市,69
GO_f6pl998g8w,投资方来源地,GOI_sm336bnv16,黑龙江省-绥化市,70
GO_f6pl998g8w,投资方来源地,GOI_jmwu7q6tl1,黑龙江省-大兴安岭地区,71
GO_f6pl998g8w,投资方来源地,GOI_gwauyb635v,上海市-上海市,72
GO_f6pl998g8w,投资方来源地,GOI_ozht0p34ts,江苏省-南京市,73
GO_f6pl998g8w,投资方来源地,GOI_utl3beciir,江苏省-无锡市,74
GO_f6pl998g8w,投资方来源地,GOI_yytfnz3c52,江苏省-徐州市,75
GO_f6pl998g8w,投资方来源地,GOI_szm4nzke2d,江苏省-常州市,76
GO_f6pl998g8w,投资方来源地,GOI_a9r1u4qwxd,江苏省-苏州市,77
GO_f6pl998g8w,投资方来源地,GOI_ywenxsf30i,江苏省-南通市,78
GO_f6pl998g8w,投资方来源地,GOI_w2g8o512bp,江苏省-连云港市,79
GO_f6pl998g8w,投资方来源地,GOI_io0rp5h3ap,江苏省-淮安市,80
GO_f6pl998g8w,投资方来源地,GOI_hqv2w33pdg,江苏省-盐城市,81
GO_f6pl998g8w,投资方来源地,GOI_czrvmmwkhe,江苏省-扬州市,82
GO_f6pl998g8w,投资方来源地,GOI_evg4ibqt7r,江苏省-镇江市,83
GO_f6pl998g8w,投资方来源地,GOI_lsur8tyq7l,江苏省-泰州市,84
GO_f6pl998g8w,投资方来源地,GOI_vjh7plarmu,江苏省-宿迁市,85
GO_f6pl998g8w,投资方来源地,GOI_m8pq7hxhfn,浙江省-杭州市,86
GO_f6pl998g8w,投资方来源地,GOI_px5llljluz,浙江省-宁波市,87
GO_f6pl998g8w,投资方来源地,GOI_herx7xnwua,浙江省-温州市,88
GO_f6pl998g8w,投资方来源地,GOI_qaxfiz9wwc,浙江省-嘉兴市,89
GO_f6pl998g8w,投资方来源地,GOI_td8tddif0u,浙江省-湖州市,90
GO_f6pl998g8w,投资方来源地,GOI_p8vs7dv06d,浙江省-绍兴市,91
GO_f6pl998g8w,投资方来源地,GOI_xfqpgwfnpn,浙江省-金华市,92
GO_f6pl998g8w,投资方来源地,GOI_wcbdq7zxud,浙江省-衢州市,93
GO_f6pl998g8w,投资方来源地,GOI_i3lgyqi2ei,浙江省-舟山市,94
GO_f6pl998g8w,投资方来源地,GOI_m9fyzej4h1,浙江省-台州市,95
GO_f6pl998g8w,投资方来源地,GOI_v163hr8epx,浙江省-丽水市,96
GO_f6pl998g8w,投资方来源地,GOI_mc99piq77k,安徽省-合肥市,97
GO_f6pl998g8w,投资方来源地,GOI_rbk451fhf0,安徽省-芜湖市,98
GO_f6pl998g8w,投资方来源地,GOI_lvraypt32g,安徽省-蚌埠市,99
GO_f6pl998g8w,投资方来源地,GOI_cbojw0xxdx,安徽省-淮南市,100
GO_f6pl998g8w,投资方来源地,GOI_fz70d105tt,安徽省-马鞍山市,101
GO_f6pl998g8w,投资方来源地,GOI_ihaicxw31p,安徽省-淮北市,102
GO_f6pl998g8w,投资方来源地,GOI_o7yhdycjdy,安徽省-铜陵市,103
GO_f6pl998g8w,投资方来源地,GOI_slv2kypx9g,安徽省-安庆市,104
GO_f6pl998g8w,投资方来源地,GOI_ub9ivhwm8p,安徽省-黄山市,105
GO_f6pl998g8w,投资方来源地,GOI_ryjhosk84g,安徽省-滁州市,106
GO_f6pl998g8w,投资方来源地,GOI_g21ud10sup,安徽省-阜阳市,107
GO_f6pl998g8w,投资方来源地,GOI_xc6awtb8o6,安徽省-宿州市,108
GO_f6pl998g8w,投资方来源地,GOI_wjatzldypw,安徽省-六安市,109
GO_f6pl998g8w,投资方来源地,GOI_uhamgfgpe8,安徽省-亳州市,110
GO_f6pl998g8w,投资方来源地,GOI_clo3jv1vol,安徽省-池州市,111
GO_f6pl998g8w,投资方来源地,GOI_kyzerfmsc8,安徽省-宣城市,112
GO_f6pl998g8w,投资方来源地,GOI_ke2zcqsmve,福建省-福州市,113
GO_f6pl998g8w,投资方来源地,GOI_sfu8mc0gyx,福建省-厦门市,114
GO_f6pl998g8w,投资方来源地,GOI_f1e3uyvjmr,福建省-莆田市,115
GO_f6pl998g8w,投资方来源地,GOI_mqm7hktk3c,福建省-三明市,116
GO_f6pl998g8w,投资方来源地,GOI_v48iyvgnj9,福建省-泉州市,117
GO_f6pl998g8w,投资方来源地,GOI_woii26yrof,福建省-漳州市,118
GO_f6pl998g8w,投资方来源地,GOI_zoibah1pko,福建省-南平市,119
GO_f6pl998g8w,投资方来源地,GOI_vz3uj8r96j,福建省-龙岩市,120
GO_f6pl998g8w,投资方来源地,GOI_puqcbobcaa,福建省-宁德市,121
GO_f6pl998g8w,投资方来源地,GOI_epmupollq8,江西省-南昌市,122
GO_f6pl998g8w,投资方来源地,GOI_mu9l3h1b5v,江西省-景德镇市,123
GO_f6pl998g8w,投资方来源地,GOI_sph0408q39,江西省-萍乡市,124
GO_f6pl998g8w,投资方来源地,GOI_ifszewskz3,江西省-九江市,125
GO_f6pl998g8w,投资方来源地,GOI_lbfof4ywt9,江西省-新余市,126
GO_f6pl998g8w,投资方来源地,GOI_wb22cqco93,江西省-鹰潭市,127
GO_f6pl998g8w,投资方来源地,GOI_yl53gsjqxr,江西省-赣州市,128
GO_f6pl998g8w,投资方来源地,GOI_dwemjyebm6,江西省-吉安市,129
GO_f6pl998g8w,投资方来源地,GOI_kr1ali0osk,江西省-宜春市,130
GO_f6pl998g8w,投资方来源地,GOI_auo32oec7y,江西省-抚州市,131
GO_f6pl998g8w,投资方来源地,GOI_m8wviggvdb,江西省-上饶市,132
GO_f6pl998g8w,投资方来源地,GOI_zk584gl404,山东省-济南市,133
GO_f6pl998g8w,投资方来源地,GOI_cvpbvyrxnx,山东省-青岛市,134
GO_f6pl998g8w,投资方来源地,GOI_pb1wreqbb6,山东省-淄博市,135
GO_f6pl998g8w,投资方来源地,GOI_hylzzrqk7w,山东省-枣庄市,136
GO_f6pl998g8w,投资方来源地,GOI_v1ayt8j44j,山东省-东营市,137
GO_f6pl998g8w,投资方来源地,GOI_s5stf76trr,山东省-烟台市,138
GO_f6pl998g8w,投资方来源地,GOI_fnl8skppdv,山东省-潍坊市,139
GO_f6pl998g8w,投资方来源地,GOI_xexjk2xi1t,山东省-济宁市,140
GO_f6pl998g8w,投资方来源地,GOI_qqkxbk61lu,山东省-泰安市,141
GO_f6pl998g8w,投资方来源地,GOI_eveezubyp4,山东省-威海市,142
GO_f6pl998g8w,投资方来源地,GOI_x2ugmamrgy,山东省-日照市,143
GO_f6pl998g8w,投资方来源地,GOI_b5djxx1l9s,山东省-临沂市,144
GO_f6pl998g8w,投资方来源地,GOI_ybo12srib1,山东省-德州市,145
GO_f6pl998g8w,投资方来源地,GOI_nytxu2c7qd,山东省-聊城市,146
GO_f6pl998g8w,投资方来源地,GOI_wzp61r20qt,山东省-滨州市,147
GO_f6pl998g8w,投资方来源地,GOI_o4yjrb4ma9,山东省-菏泽市,148
GO_f6pl998g8w,投资方来源地,GOI_f42io5bvv2,河南省-郑州市,149
GO_f6pl998g8w,投资方来源地,GOI_ygl9sccx9p,河南省-开封市,150
GO_f6pl998g8w,投资方来源地,GOI_z9dync6eu9,河南省-洛阳市,151
GO_f6pl998g8w,投资方来源地,GOI_bu1wypb44l,河南省-平顶山市,152
GO_f6pl998g8w,投资方来源地,GOI_t4iw2j56w9,河南省-安阳市,153
GO_f6pl998g8w,投资方来源地,GOI_x31bx7wlz7,河南省-鹤壁市,154
GO_f6pl998g8w,投资方来源地,GOI_dgpi41ky44,河南省-新乡市,155
GO_f6pl998g8w,投资方来源地,GOI_qgtlw3jtf7,河南省-焦作市,156
GO_f6pl998g8w,投资方来源地,GOI_n4arfh9c7m,河南省-濮阳市,157
GO_f6pl998g8w,投资方来源地,GOI_gk72k78djv,河南省-许昌市,158
GO_f6pl998g8w,投资方来源地,GOI_x0kwogjipc,河南省-漯河市,159
GO_f6pl998g8w,投资方来源地,GOI_pwcteipl1d,河南省-三门峡市,160
GO_f6pl998g8w,投资方来源地,GOI_nxjynkd2hk,河南省-南阳市,161
GO_f6pl998g8w,投资方来源地,GOI_ci582hgaj2,河南省-商丘市,162
GO_f6pl998g8w,投资方来源地,GOI_dmdik5nd0r,河南省-信阳市,163
GO_f6pl998g8w,投资方来源地,GOI_lkn7lggfmt,河南省-周口市,164
GO_f6pl998g8w,投资方来源地,GOI_pifblu917t,河南省-驻马店市,165
GO_f6pl998g8w,投资方来源地,GOI_b1la2cb129,湖北省-武汉市,166
GO_f6pl998g8w,投资方来源地,GOI_latg5u8ptu,湖北省-黄石市,167
GO_f6pl998g8w,投资方来源地,GOI_jg74fvjjw6,湖北省-十堰市,168
GO_f6pl998g8w,投资方来源地,GOI_defjrsv4mj,湖北省-宜昌市,169
GO_f6pl998g8w,投资方来源地,GOI_t0xs9hsjug,湖北省-襄阳市,170
GO_f6pl998g8w,投资方来源地,GOI_l6o9h76ckn,湖北省-鄂州市,171
GO_f6pl998g8w,投资方来源地,GOI_hmjk2w1vos,湖北省-荆门市,172
GO_f6pl998g8w,投资方来源地,GOI_qbg61cyk0p,湖北省-孝感市,173
GO_f6pl998g8w,投资方来源地,GOI_zoopdkswg0,湖北省-荆州市,174
GO_f6pl998g8w,投资方来源地,GOI_l0weiesut3,湖北省-黄冈市,175
GO_f6pl998g8w,投资方来源地,GOI_vmu56ayuoq,湖北省-咸宁市,176
GO_f6pl998g8w,投资方来源地,GOI_qaz1i1zvf8,湖北省-随州市,177
GO_f6pl998g8w,投资方来源地,GOI_f3pl7ypqjz,湖北省-恩施土家族苗族自治州,178
GO_f6pl998g8w,投资方来源地,GOI_ycq3w52f5f,湖南省-长沙市,179
GO_f6pl998g8w,投资方来源地,GOI_kflkwdzcmn,湖南省-株洲市,180
GO_f6pl998g8w,投资方来源地,GOI_xt5wp32juf,湖南省-湘潭市,181
GO_f6pl998g8w,投资方来源地,GOI_c3zymi8ujp,湖南省-衡阳市,182
GO_f6pl998g8w,投资方来源地,GOI_expw3nzmpi,湖南省-邵阳市,183
GO_f6pl998g8w,投资方来源地,GOI_bjbgt3ffot,湖南省-岳阳市,184
GO_f6pl998g8w,投资方来源地,GOI_fnj8ig6j0h,湖南省-常德市,185
GO_f6pl998g8w,投资方来源地,GOI_xou2q64l0f,湖南省-张家界市,186
GO_f6pl998g8w,投资方来源地,GOI_ra3uceeefv,湖南省-益阳市,187
GO_f6pl998g8w,投资方来源地,GOI_m8mn5nx25l,湖南省-郴州市,188
GO_f6pl998g8w,投资方来源地,GOI_k5o015oprc,湖南省-永州市,189
GO_f6pl998g8w,投资方来源地,GOI_xfbymnnp6h,湖南省-怀化市,190
GO_f6pl998g8w,投资方来源地,GOI_tu7inh4w90,湖南省-娄底市,191
GO_f6pl998g8w,投资方来源地,GOI_l0dfdmlxv0,湖南省-湘西土家族苗族自治州,192
GO_f6pl998g8w,投资方来源地,GOI_mmd0raztf4,广东省-广州市,193
GO_f6pl998g8w,投资方来源地,GOI_bjzpt2v2tx,广东省-韶关市,194
GO_f6pl998g8w,投资方来源地,GOI_r97c8zyrw1,广东省-深圳市,195
GO_f6pl998g8w,投资方来源地,GOI_n5myzgcor7,广东省-珠海市,196
GO_f6pl998g8w,投资方来源地,GOI_quyhodtrbv,广东省-汕头市,197
GO_f6pl998g8w,投资方来源地,GOI_lf9ib9z645,广东省-佛山市,198
GO_f6pl998g8w,投资方来源地,GOI_ho1s6vgwsi,广东省-江门市,199
GO_f6pl998g8w,投资方来源地,GOI_lqr1e2p83p,广东省-湛江市,200
GO_f6pl998g8w,投资方来源地,GOI_k33xsvwmrp,广东省-茂名市,201
GO_f6pl998g8w,投资方来源地,GOI_yvckfhcmz1,广东省-肇庆市,202
GO_f6pl998g8w,投资方来源地,GOI_ger5v3raf4,广东省-惠州市,203
GO_f6pl998g8w,投资方来源地,GOI_fvt6iocknn,广东省-梅州市,204
GO_f6pl998g8w,投资方来源地,GOI_rw8vnbf4cs,广东省-汕尾市,205
GO_f6pl998g8w,投资方来源地,GOI_ahejq7z42v,广东省-河源市,206
GO_f6pl998g8w,投资方来源地,GOI_zxkurfdrl8,广东省-阳江市,207
GO_f6pl998g8w,投资方来源地,GOI_kzd8glrf96,广东省-清远市,208
GO_f6pl998g8w,投资方来源地,GOI_mx7fc784nz,广东省-东莞市,209
GO_f6pl998g8w,投资方来源地,GOI_kga9zzyxg5,广东省-中山市,210
GO_f6pl998g8w,投资方来源地,GOI_by0o2fp8jg,广东省-潮州市,211
GO_f6pl998g8w,投资方来源地,GOI_fxcl6dv25k,广东省-揭阳市,212
GO_f6pl998g8w,投资方来源地,GOI_ula3fzfgrq,广东省-云浮市,213
GO_f6pl998g8w,投资方来源地,GOI_xrxvjubu2g,广西壮族自治区-南宁市,214
GO_f6pl998g8w,投资方来源地,GOI_efdmhb0ral,广西壮族自治区-柳州市,215
GO_f6pl998g8w,投资方来源地,GOI_ef40niqtjp,广西壮族自治区-桂林市,216
GO_f6pl998g8w,投资方来源地,GOI_cptuafd71m,广西壮族自治区-梧州市,217
GO_f6pl998g8w,投资方来源地,GOI_b6w2wl6fl6,广西壮族自治区-北海市,218
GO_f6pl998g8w,投资方来源地,GOI_oq0fd5tcit,广西壮族自治区-防城港市,219
GO_f6pl998g8w,投资方来源地,GOI_ssgq9rvwle,广西壮族自治区-钦州市,220
GO_f6pl998g8w,投资方来源地,GOI_erp915y0dy,广西壮族自治区-贵港市,221
GO_f6pl998g8w,投资方来源地,GOI_nyrveu3voq,广西壮族自治区-玉林市,222
GO_f6pl998g8w,投资方来源地,GOI_c71a8koev0,广西壮族自治区-百色市,223
GO_f6pl998g8w,投资方来源地,GOI_m2d8dad80o,广西壮族自治区-贺州市,224
GO_f6pl998g8w,投资方来源地,GOI_si2ncc8l8h,广西壮族自治区-河池市,225
GO_f6pl998g8w,投资方来源地,GOI_sa8wjpdc49,广西壮族自治区-来宾市,226
GO_f6pl998g8w,投资方来源地,GOI_khus0hbfsk,广西壮族自治区-崇左市,227
GO_f6pl998g8w,投资方来源地,GOI_ss3y1stwql,海南省-海口市,228
GO_f6pl998g8w,投资方来源地,GOI_iydzxx38lb,海南省-三亚市,229
GO_f6pl998g8w,投资方来源地,GOI_urkkwa3vuj,海南省-三沙市,230
GO_f6pl998g8w,投资方来源地,GOI_s1mc1ow0sd,海南省-儋州市,231
GO_f6pl998g8w,投资方来源地,GOI_p18p1i9glr,重庆市-重庆市,232
GO_f6pl998g8w,投资方来源地,GOI_j8y9oi4kyj,四川省-成都市,233
GO_f6pl998g8w,投资方来源地,GOI_iow2oqaacb,四川省-自贡市,234
GO_f6pl998g8w,投资方来源地,GOI_i2htl8mi37,四川省-攀枝花市,235
GO_f6pl998g8w,投资方来源地,GOI_l08a5zcvb7,四川省-泸州市,236
GO_f6pl998g8w,投资方来源地,GOI_wqi3hgcsdn,四川省-德阳市,237
GO_f6pl998g8w,投资方来源地,GOI_lzuxbpe6gm,四川省-绵阳市,238
GO_f6pl998g8w,投资方来源地,GOI_lwop0n4bj2,四川省-广元市,239
GO_f6pl998g8w,投资方来源地,GOI_crsvbb50lg,四川省-遂宁市,240
GO_f6pl998g8w,投资方来源地,GOI_ogkzj2za8m,四川省-内江市,241
GO_f6pl998g8w,投资方来源地,GOI_jidn56pdeh,四川省-乐山市,242
GO_f6pl998g8w,投资方来源地,GOI_t5sicy7ulx,四川省-南充市,243
GO_f6pl998g8w,投资方来源地,GOI_va5rvkihkk,四川省-眉山市,244
GO_f6pl998g8w,投资方来源地,GOI_q9p4ufek38,四川省-宜宾市,245
GO_f6pl998g8w,投资方来源地,GOI_vz7zjzeu5c,四川省-广安市,246
GO_f6pl998g8w,投资方来源地,GOI_trn8x3yis4,四川省-达州市,247
GO_f6pl998g8w,投资方来源地,GOI_wxvl18rb92,四川省-雅安市,248
GO_f6pl998g8w,投资方来源地,GOI_ugh2a21tar,四川省-巴中市,249
GO_f6pl998g8w,投资方来源地,GOI_hj35u4hgbx,四川省-资阳市,250
GO_f6pl998g8w,投资方来源地,GOI_v8swdea088,四川省-阿坝藏族羌族自治州,251
GO_f6pl998g8w,投资方来源地,GOI_ml68xlflop,四川省-甘孜藏族自治州,252
GO_f6pl998g8w,投资方来源地,GOI_r4bo82jya9,四川省-凉山彝族自治州,253
GO_f6pl998g8w,投资方来源地,GOI_c4zllipqzv,贵州省-贵阳市,254
GO_f6pl998g8w,投资方来源地,GOI_ahrp3bxlyh,贵州省-六盘水市,255
GO_f6pl998g8w,投资方来源地,GOI_edbjjqxaqq,贵州省-遵义市,256
GO_f6pl998g8w,投资方来源地,GOI_usz30ze6tb,贵州省-安顺市,257
GO_f6pl998g8w,投资方来源地,GOI_cffkmdtp2j,贵州省-毕节市,258
GO_f6pl998g8w,投资方来源地,GOI_ovrvw7cmw7,贵州省-铜仁市,259
GO_f6pl998g8w,投资方来源地,GOI_d6v9rg3l52,贵州省-黔西南布依族苗族自治州,260
GO_f6pl998g8w,投资方来源地,GOI_e1yxgjgt18,贵州省-黔东南苗族侗族自治州,261
GO_f6pl998g8w,投资方来源地,GOI_wvyw4eyt96,贵州省-黔南布依族苗族自治州,262
GO_f6pl998g8w,投资方来源地,GOI_cg8z90aksk,云南省-昆明市,263
GO_f6pl998g8w,投资方来源地,GOI_ql1qb3e6id,云南省-曲靖市,264
GO_f6pl998g8w,投资方来源地,GOI_t3pfe8t32r,云南省-玉溪市,265
GO_f6pl998g8w,投资方来源地,GOI_laisr166cs,云南省-保山市,266
GO_f6pl998g8w,投资方来源地,GOI_bbefiikran,云南省-昭通市,267
GO_f6pl998g8w,投资方来源地,GOI_z0pczq3vfy,云南省-丽江市,268
GO_f6pl998g8w,投资方来源地,GOI_qpftm5wk98,云南省-普洱市,269
GO_f6pl998g8w,投资方来源地,GOI_ntf1hmqtf7,云南省-临沧市,270
GO_f6pl998g8w,投资方来源地,GOI_cs2jp23uh1,云南省-楚雄彝族自治州,271
GO_f6pl998g8w,投资方来源地,GOI_miitw118gd,云南省-红河哈尼族彝族自治州,272
GO_f6pl998g8w,投资方来源地,GOI_fbrau4f88t,云南省-文山壮族苗族自治州,273
GO_f6pl998g8w,投资方来源地,GOI_as79syhbq6,云南省-西双版纳傣族自治州,274
GO_f6pl998g8w,投资方来源地,GOI_cve7mfezpi,云南省-大理白族自治州,275
GO_f6pl998g8w,投资方来源地,GOI_z31q7ydylf,云南省-德宏傣族景颇族自治州,276
GO_f6pl998g8w,投资方来源地,GOI_o10owi9rzh,云南省-怒江傈僳族自治州,277
GO_f6pl998g8w,投资方来源地,GOI_omp1gn57gg,云南省-迪庆藏族自治州,278
GO_f6pl998g8w,投资方来源地,GOI_pcmujv87cb,西藏自治区-拉萨市,279
GO_f6pl998g8w,投资方来源地,GOI_obrpfny9i3,西藏自治区-日喀则市,280
GO_f6pl998g8w,投资方来源地,GOI_n9h1y25ybu,西藏自治区-昌都市,281
GO_f6pl998g8w,投资方来源地,GOI_ssf1o6an5a,西藏自治区-林芝市,282
GO_f6pl998g8w,投资方来源地,GOI_xn4ef3oeij,西藏自治区-山南市,283
GO_f6pl998g8w,投资方来源地,GOI_z246pfncn7,西藏自治区-那曲市,284
GO_f6pl998g8w,投资方来源地,GOI_k655vabjjg,西藏自治区-阿里地区,285
GO_f6pl998g8w,投资方来源地,GOI_niw6bb11f4,陕西省-西安市,286
GO_f6pl998g8w,投资方来源地,GOI_mggppk1bz9,陕西省-铜川市,287
GO_f6pl998g8w,投资方来源地,GOI_lairgl1r6m,陕西省-宝鸡市,288
GO_f6pl998g8w,投资方来源地,GOI_lwesgs8eft,陕西省-咸阳市,289
GO_f6pl998g8w,投资方来源地,GOI_nq88hmsojg,陕西省-渭南市,290
GO_f6pl998g8w,投资方来源地,GOI_dif5t451aa,陕西省-延安市,291
GO_f6pl998g8w,投资方来源地,GOI_dum8ihobtd,陕西省-汉中市,292
GO_f6pl998g8w,投资方来源地,GOI_xbga8j8mkx,陕西省-榆林市,293
GO_f6pl998g8w,投资方来源地,GOI_b7bmhl922c,陕西省-安康市,294
GO_f6pl998g8w,投资方来源地,GOI_i0utmkuc6v,陕西省-商洛市,295
GO_f6pl998g8w,投资方来源地,GOI_olswnoief6,甘肃省-兰州市,296
GO_f6pl998g8w,投资方来源地,GOI_yxh1p2uflv,甘肃省-嘉峪关市,297
GO_f6pl998g8w,投资方来源地,GOI_nxaougcmi8,甘肃省-金昌市,298
GO_f6pl998g8w,投资方来源地,GOI_fcpzd5ddnz,甘肃省-白银市,299
GO_f6pl998g8w,投资方来源地,GOI_ztmekfue4s,甘肃省-天水市,300
GO_f6pl998g8w,投资方来源地,GOI_lijweoik6r,甘肃省-武威市,301
GO_f6pl998g8w,投资方来源地,GOI_xi4n5uwrjw,甘肃省-张掖市,302
GO_f6pl998g8w,投资方来源地,GOI_i5c4x8ij7j,甘肃省-平凉市,303
GO_f6pl998g8w,投资方来源地,GOI_g377y36kf4,甘肃省-酒泉市,304
GO_f6pl998g8w,投资方来源地,GOI_upvkbghzb6,甘肃省-庆阳市,305
GO_f6pl998g8w,投资方来源地,GOI_ev9osips2f,甘肃省-定西市,306
GO_f6pl998g8w,投资方来源地,GOI_vgozt2ez06,甘肃省-陇南市,307
GO_f6pl998g8w,投资方来源地,GOI_ikg06jvv9o,甘肃省-临夏回族自治州,308
GO_f6pl998g8w,投资方来源地,GOI_iealsoj2ba,甘肃省-甘南藏族自治州,309
GO_f6pl998g8w,投资方来源地,GOI_ywbar1173f,青海省-西宁市,310
GO_f6pl998g8w,投资方来源地,GOI_c83vnf4luo,青海省-海东市,311
GO_f6pl998g8w,投资方来源地,GOI_stivz59lbl,青海省-海北藏族自治州,312
GO_f6pl998g8w,投资方来源地,GOI_dk85o48aw9,青海省-黄南藏族自治州,313
GO_f6pl998g8w,投资方来源地,GOI_wu3cq5wyyf,青海省-海南藏族自治州,314
GO_f6pl998g8w,投资方来源地,GOI_yl20c8cxuo,青海省-果洛藏族自治州,315
GO_f6pl998g8w,投资方来源地,GOI_k8x64ix1ek,青海省-玉树藏族自治州,316
GO_f6pl998g8w,投资方来源地,GOI_z5wfnim13r,青海省-海西蒙古族藏族自治州,317
GO_f6pl998g8w,投资方来源地,GOI_rj00fnygfq,宁夏回族自治区-银川市,318
GO_f6pl998g8w,投资方来源地,GOI_tobcg3744t,宁夏回族自治区-石嘴山市,319
GO_f6pl998g8w,投资方来源地,GOI_oy5iw11vj2,宁夏回族自治区-吴忠市,320
GO_f6pl998g8w,投资方来源地,GOI_x5ak5bqpq9,宁夏回族自治区-固原市,321
GO_f6pl998g8w,投资方来源地,GOI_cfwos90ikd,宁夏回族自治区-中卫市,322
GO_f6pl998g8w,投资方来源地,GOI_fw0v2lsmtv,新疆维吾尔自治区-乌鲁木齐市,323
GO_f6pl998g8w,投资方来源地,GOI_vugo2vmyv9,新疆维吾尔自治区-克拉玛依市,324
GO_f6pl998g8w,投资方来源地,GOI_y3r1m3loct,新疆维吾尔自治区-吐鲁番市,325
GO_f6pl998g8w,投资方来源地,GOI_tjgfatkbss,新疆维吾尔自治区-哈密市,326
GO_f6pl998g8w,投资方来源地,GOI_l8j2m7uj1l,新疆维吾尔自治区-昌吉回族自治州,327
GO_f6pl998g8w,投资方来源地,GOI_hdzxi4q9mv,新疆维吾尔自治区-博尔塔拉蒙古自治州,328
GO_f6pl998g8w,投资方来源地,GOI_voqo7x3r7x,新疆维吾尔自治区-巴音郭楞蒙古自治州,329
GO_f6pl998g8w,投资方来源地,GOI_gdy0qd5ko9,新疆维吾尔自治区-阿克苏地区,330
GO_f6pl998g8w,投资方来源地,GOI_wiem48ik1x,新疆维吾尔自治区-克孜勒苏柯尔克孜自治州,331
GO_f6pl998g8w,投资方来源地,GOI_ydebdmgcs0,新疆维吾尔自治区-喀什地区,332
GO_f6pl998g8w,投资方来源地,GOI_y2yclm3wdj,新疆维吾尔自治区-和田地区,333
GO_f6pl998g8w,投资方来源地,GOI_di5gdjfkw2,新疆维吾尔自治区-伊犁哈萨克自治州,334
GO_f6pl998g8w,投资方来源地,GOI_iv1ecqb444,新疆维吾尔自治区-塔城地区,335
GO_f6pl998g8w,投资方来源地,GOI_n6ct1talga,新疆维吾尔自治区-阿勒泰地区,336
GO_fin_nature,金融机构性质字典值,GOI_ibblihzqko,国有商业银行,0
GO_fin_nature,金融机构性质字典值,GOI_fzgfd4hiz5,外资银行,1
GO_fin_nature,金融机构性质字典值,GOI_iqp12exzpk,股份制商业银行,2
GO_fin_nature,金融机构性质字典值,GOI_ce31jc1ekj,城市商业银行,3
GO_fin_nature,金融机构性质字典值,GOI_rwlt4vmbvy,农村商业银行,4
GO_fin_nature,金融机构性质字典值,GOI_ibblihzqko,国有商业银行,6
GO_fin_nature,金融机构性质字典值,GOI_fzgfd4hiz5,外资银行,7
GO_fin_nature,金融机构性质字典值,GOI_iqp12exzpk,股份制商业银行,8
GO_fin_nature,金融机构性质字典值,GOI_ce31jc1ekj,城市商业银行,5
GO_fin_nature,金融机构性质字典值,GOI_rwlt4vmbvy,农村商业银行,9
GO_fin_nature,金融机构性质字典值,GOI_ljb9q5l3zz,央企,0
GO_fin_nature,金融机构性质字典值,GOI_g5uc4my7y4,省属国企,1
GO_fin_nature,金融机构性质字典值,GOI_ro705jozn6,市属国企,2
GO_fin_nature,金融机构性质字典值,GOI_btvj1jnq89,民企,3
GO_fin_nature,金融机构性质字典值,GOI_qcyl95cm8l,央企子公司,4
GO_fin_nature,金融机构性质字典值,GOI_wv8l14tuvm,其他,10
GO_fin_type,金融机构类型字典值,GOI_dxk57ubxky,金融机构,0
GO_fin_type,金融机构类型字典值,GOI_a5vs6l9072,类金融机构,1
GO_fin_type,金融机构类型字典值,GOI_irh7v7b039,券商机构,2
GO_fin_type,金融机构类型字典值,GOI_l2ucnsiyqe,保险机构,3
GO_follow_up_type, 跟进方式,1,外出赴企业考察,0
GO_follow_up_type, 跟进方式,2,来肥交流,1
GO_follow_up_type, 跟进方式,3,电话沟通,2
GO_follow_up_type, 跟进方式,4,线上会议,3
GO_fund_type,基金类型字典值,GOI_woqh7fby2w,与安徽省市区合作设立的母基金,0
GO_fund_type,基金类型字典值,GOI_r069mfzlaw,与安徽省市区合作设立的直投基金,1
GO_fund_type,基金类型字典值,GOI_r542nsyi8i,与其他省市区合作设立的母基金,2
GO_fund_type,基金类型字典值,GOI_jz8neie65z,与其他省市区合作设立的直投基金,3
GO_fund_type,基金类型字典值,GOI_zo75vf0mlw,其他市场化母基金,4
GO_fund_type,基金类型字典值,GOI_hfeylmt3zw,其他市场化直投基金,5
GO_g022ay3657,土地用途,1,工业用地,0
GO_g022ay3657,土地用途,2,科研用地,1
GO_g022ay3657,土地用途,3,商业用地,2
GO_g022ay3657,土地用途,4,商办用地,3
GO_g022ay3657,土地用途,5,仓储用地,4
GO_g022ay3657,土地用途,6,文旅用地,5
GO_g022ay3657,土地用途,7,商住用地,6
GO_g022ay3657,土地用途,8,居住用地,7
GO_g022ay3657,土地用途,9,文化设施,8
GO_g9dp0r2otj,资源类型,BTE_invest,投资机构,0
GO_g9dp0r2otj,资源类型,BTE_finance,金融机构,1
GO_g9dp0r2otj,资源类型,BTE_think_tank,新研机构,2
GO_g9dp0r2otj,资源类型,BTE_scenario,场景,3
GO_g9dp0r2otj,资源类型,5,区县,4
GO_g9dp0r2otj,资源类型,6,载体,5
GO_g9dp0r2otj,资源类型,7,金融产品,6
GO_g9dp0r2otj,资源类型,8,政策,7
GO_g9dp0r2otj,资源类型,BTE_buyer,并购买方,8
GO_gata6vkxjm,买方类型,GOI_nvp0qxncja,企业,0
GO_gata6vkxjm,买方类型,GOI_pukpaditzn,投资机构,1
GO_gcdr3pvm01,上市板块,1,上交所主板,0
GO_gcdr3pvm01,上市板块,2,上交所科创板,1
GO_gcdr3pvm01,上市板块,3,深交所主板,2
GO_gcdr3pvm01,上市板块,4,深交所创业板,3
GO_gcdr3pvm01,上市板块,5,北交所,4
GO_grjda95ish,问题类型,1,应用场景,0
GO_grjda95ish,问题类型,2,环评指标,1
GO_grjda95ish,问题类型,3,能评指标,2
GO_grjda95ish,问题类型,4,政策支持,3
GO_grjda95ish,问题类型,5,用地支持-用地指标,4
GO_grjda95ish,问题类型,6,用地支持-规划调整,5
GO_grjda95ish,问题类型,7,厂房支持,6
GO_grjda95ish,问题类型,8,供应链对接,7
GO_grjda95ish,问题类型,9,能源支持,8
GO_grjda95ish,问题类型,10,股权,9
GO_grjda95ish,问题类型,11,债权,10
GO_grjda95ish,问题类型,12,资源对接需求,11
GO_guarantee_method,金融产品担保方式,GOI_xfvq2qkm6t,抵押,0
GO_guarantee_method,金融产品担保方式,GOI_cz0g2ab785,质押,1
GO_guarantee_method,金融产品担保方式,GOI_qse49sgrey,信用,2
GO_guarantee_method,金融产品担保方式,GOI_zqaj6071oq,保证,3
GO_guarantee_method,金融产品担保方式,1,抵押,0
GO_guarantee_method,金融产品担保方式,2,质押,1
GO_guarantee_method,金融产品担保方式,3,信用,2
GO_guarantee_method,金融产品担保方式,4,保证,3
GO_guarantee_method,金融产品担保方式,5,担保,4
GO_guarantee_method,金融产品担保方式,6,其他,5
GO_h3krunu45j,可用地情况,1,"1	待征地",0
GO_h3krunu45j,可用地情况,2,"2	熟地",1
GO_hg4riw4v35,融资需求/期限,1,6个月以下,0
GO_hg4riw4v35,融资需求/期限,2,6-12个月,1
GO_hg4riw4v35,融资需求/期限,3,12-24个月,2
GO_hg4riw4v35,融资需求/期限,4,24-36个月,3
GO_hg4riw4v35,融资需求/期限,5,36个月以上,4
GO_hyhx7mopmu,合作伙伴级别,1,A级,0
GO_hyhx7mopmu,合作伙伴级别,2,B级,1
GO_hyhx7mopmu,合作伙伴级别,3,C级,2
GO_i0ioqmysfi,园区类型,1,产业园区,0
GO_i0ioqmysfi,园区类型,2,高新区,1
GO_i0ioqmysfi,园区类型,3,开发区,2
GO_i0ioqmysfi,园区类型,4,工业园,3
GO_i0ioqmysfi,园区类型,5,小微园,4
GO_import_type,导入类型,GOI_import_temp,模板导入,1
GO_import_type,导入类型,GOI_import_attr,属性导入,0
GO_industry_sector,行业领域,1,研发设计,0
GO_industry_sector,行业领域,2,工程服务,1
GO_industry_sector,行业领域,3,软件信息,2
GO_industry_sector,行业领域,4,现代物流,3
GO_industry_sector,行业领域,5,科创金融,4
GO_industry_sector,行业领域,6,检测认证,5
GO_industry_sector,行业领域,7,法律服务,6
GO_industry_sector,行业领域,8,会计审计,7
GO_industry_sector,行业领域,9,高端猎头,8
GO_industry_sector,行业领域,10,知识产权,9
GO_industry_sector,行业领域,11,贸易会展,10
GO_industry_sector,行业领域,12,创意文化（文旅）,11
GO_industry_sector,行业领域,13,商贸综合体,12
GO_industry_sector,行业领域,14,其他,13
GO_invest_amount_type,融资金额类型字典值,1,明确金额,0
GO_invest_amount_type,融资金额类型字典值,2,模糊金额,1
GO_invest_amount_type,融资金额类型字典值,3,未披露,2
GO_invest_method,机构投资方式字典值,GOI_tc8nhfdxm5,自有资金投资,0
GO_invest_method,机构投资方式字典值,GOI_q4eifrpwkg,母基金投资,1
GO_invest_method,机构投资方式字典值,GOI_ycrvwapezy,子基金投资,2
GO_invest_method,机构投资方式字典值,GOI_iqmavc3hs1,领投,3
GO_invest_method,机构投资方式字典值,GOI_e2gfsqndiw,跟投,4
GO_invest_method,机构投资方式字典值,GOI_avmxlz0m34,联合投资,5
GO_investment_area,投资区域,1,长三角地区,0
GO_investment_area,投资区域,2,珠三角地区,1
GO_investment_area,投资区域,3,环渤海地区,2
GO_investment_area,投资区域,4,中部地区,3
GO_investment_area,投资区域,5,西部地区,4
GO_investment_area,投资区域,6,东北地区,5
GO_investment_area,投资区域,7,京津冀地区,6
GO_investment_area,投资区域,8,港澳台地区,7
GO_investment_area,投资区域,9,国外,8
GO_investment_area,投资区域,10,其他地区,9
GO_investment_area,投资区域,99,其他地区,9
GO_investment_types,投资类型,1,新设,0
GO_investment_types,投资类型,2,增资,1
GO_investment_types,投资类型,3,并购,2
GO_investor_type,需要投资人类型,GOI_only_industry,产业投资人,0
GO_investor_type,需要投资人类型,GOI_only_finance,财务投资人,1
GO_investor_type,需要投资人类型,GOI_industry_finance,产业及财务投资人,2
GO_k4rc1oei5a,项目阶段,1,接收项目,0
GO_k4rc1oei5a,项目阶段,2,项目研判,1
GO_k4rc1oei5a,项目阶段,3,项目在谈,2
GO_k4rc1oei5a,项目阶段,99,项目成功签约,3
GO_k4rc1oei5a,项目阶段,98,项目终止,4
GO_k5yeu9y4ny,活动相关方类型,project,项目,0
GO_k5yeu9y4ny,活动相关方类型,leads,线索,1
GO_k5yeu9y4ny,活动相关方类型,investment,投资机构,2
GO_k5yeu9y4ny,活动相关方类型,research,新研机构,3
GO_k5yeu9y4ny,活动相关方类型,finance,金融机构,4
GO_k5yeu9y4ny,活动相关方类型,scene,场景,5
GO_kmbk9hn3fh,结束提醒设置,1,不提醒,0
GO_kmbk9hn3fh,结束提醒设置,2,任务结束时,1
GO_kmbk9hn3fh,结束提醒设置,3,任务结束5分钟前,2
GO_kmbk9hn3fh,结束提醒设置,4,任务结束10分钟前,3
GO_kmbk9hn3fh,结束提醒设置,5,任务结束15分钟前,4
GO_kmbk9hn3fh,结束提醒设置,6,任务结束30分钟前,5
GO_kmbk9hn3fh,结束提醒设置,7,任务结束1小时前,6
GO_kmbk9hn3fh,结束提醒设置,8,任务结束2小时前,7
GO_kmbk9hn3fh,结束提醒设置,9,任务结束1天前,8
GO_kmbk9hn3fh,结束提醒设置,10,任务结束2天前,9
GO_kmbk9hn3fh,结束提醒设置,11,指定日期,10
GO_lj6yuzm722,区县,1,安巢经开区,0
GO_lj6yuzm722,区县,2,巢湖市,1
GO_lj6yuzm722,区县,3,庐江县,2
GO_lj6yuzm722,区县,4,长丰县,3
GO_lj6yuzm722,区县,5,肥西县,4
GO_lj6yuzm722,区县,6,肥东县,5
GO_lj6yuzm722,区县,7,蜀山区,6
GO_lj6yuzm722,区县,8,瑶海区,7
GO_lj6yuzm722,区县,9,包河区,8
GO_lj6yuzm722,区县,10,庐阳区,9
GO_lj6yuzm722,区县,11,新站高新区,10
GO_lj6yuzm722,区县,12,经开区,11
GO_lj6yuzm722,区县,13,高新区,12
GO_m4cebcs7jk,线索阶段,1,线索录入,0
GO_m4cebcs7jk,线索阶段,2,线索研判,1
GO_m4cebcs7jk,线索阶段,3,线索审核,2
GO_m4cebcs7jk,线索阶段,4,审核完成,3
GO_m4cebcs7jk,线索阶段,99,转化,4
GO_m4cebcs7jk,线索阶段,98,终止,5
GO_mcshar1gwf,关联对象,0,项目,0
GO_mcshar1gwf,关联对象,1,线索,1
GO_n0alzwx3fe,所属产业,1,新能源及智能网联汽车,0
GO_n0alzwx3fe,所属产业,2,新一代信息技术-集成电路,1
GO_n0alzwx3fe,所属产业,3,新一代信息技术-智能机器人,2
GO_n0alzwx3fe,所属产业,5,新一代信息技术-新型显示,3
GO_n0alzwx3fe,所属产业,6,新一代信息技术-智能城市,4
GO_n0alzwx3fe,所属产业,8,智能家电（居）,7
GO_n0alzwx3fe,所属产业,9,先进光伏及新型储能,8
GO_n0alzwx3fe,所属产业,10,生物医药,9
GO_n0alzwx3fe,所属产业,11,高端装备及新材料-新材料,10
GO_n0alzwx3fe,所属产业,12,高端装备及新材料-高端装备,11
GO_n0alzwx3fe,所属产业,14,量子信息与仪器,13
GO_n0alzwx3fe,所属产业,15,空天技术-空天信息与商业航天,14
GO_n0alzwx3fe,所属产业,16,空天技术-低空经济,15
GO_n0alzwx3fe,所属产业,17,聚变能源,16
GO_n0alzwx3fe,所属产业,19,生物制造,17
GO_n0alzwx3fe,所属产业,21,绿色食品及现代种业（现代农业和农产品加工）,18
GO_n0alzwx3fe,所属产业,35,新一代信息技术-数字经济,5
GO_n0alzwx3fe,所属产业,37,新一代信息技术-人工智能,6
GO_n0alzwx3fe,所属产业,36,节能环保与新能源（除光储）,12
GO_n0alzwx3fe,所属产业,38,文旅商贸和生活性服务业,19
GO_n0alzwx3fe,所属产业,39,生产性服务业,20
GO_n0alzwx3fe,所属产业,33,现代法务服务业,21
GO_n0alzwx3fe,所属产业,34,其他,22
GO_n8ji8cznv5,重要性,1,C,2
GO_n8ji8cznv5,重要性,2,B,1
GO_n8ji8cznv5,重要性,3,A,0
GO_n8ji8cznv5,重要性,4,D,3
GO_n8ji8cznv5,重要性,1,C,3
GO_n8ji8cznv5,重要性,2,B,2
GO_n8ji8cznv5,重要性,4,D,4
GO_n8ji8cznv5,重要性,5,B+,1
GO_n8ji8cznv5,重要性,GOI_zjc8waywt7,--,5
GO_no94jhvnc1,对接形式,1,外出赴企业考察,0
GO_no94jhvnc1,对接形式,2,来肥交流,1
GO_no94jhvnc1,对接形式,3,电话沟通,2
GO_no94jhvnc1,对接形式,4,线上会议,3
GO_oh3fycy3av,市局产业字典,1,智能网联新能源汽车,0
GO_oh3fycy3av,市局产业字典,3,先进光伏及新型储能,1
GO_oh3fycy3av,市局产业字典,18,数字经济,2
GO_oh3fycy3av,市局产业字典,19,新材料,3
GO_oh3fycy3av,市局产业字典,20,智能机器人,4
GO_oh3fycy3av,市局产业字典,21,节能环保与新能源（除光储）,5
GO_oh3fycy3av,市局产业字典,22,低空经济,6
GO_oh3fycy3av,市局产业字典,4,生物医药,7
GO_oh3fycy3av,市局产业字典,5,智能家电（居）,8
GO_oh3fycy3av,市局产业字典,6,高端装备,9
GO_oh3fycy3av,市局产业字典,7,量子信息与仪器,10
GO_oh3fycy3av,市局产业字典,8,商业航天,11
GO_oh3fycy3av,市局产业字典,9,聚变能源,12
GO_oh3fycy3av,市局产业字典,23,生产性服务业,13
GO_oh3fycy3av,市局产业字典,24,文旅商贸和生活性服务业,14
GO_oh3fycy3av,市局产业字典,25,现代法务服务业,15
GO_oh3fycy3av,市局产业字典,11,生物制造,16
GO_oh3fycy3av,市局产业字典,12,现代农业与农产品加工业,17
GO_oh3fycy3av,市局产业字典,14,新型显示,18
GO_oh3fycy3av,市局产业字典,15,集成电路,19
GO_oh3fycy3av,市局产业字典,16,人工智能,20
GO_oh3fycy3av,市局产业字典,38,智能城市,21
GO_olo5iw66wb,专家所属机构类型,GOI_lpqyq88nly,产业CVC,0
GO_olo5iw66wb,专家所属机构类型,GOI_spyq7jmshm,国家大基金管理人,1
GO_olo5iw66wb,专家所属机构类型,GOI_wmmq9c7ep8,国企国资,2
GO_olo5iw66wb,专家所属机构类型,GOI_y5amoaubj6,国资,3
GO_olo5iw66wb,专家所属机构类型,GOI_e3vs7lmgf3,省属国资,4
GO_olo5iw66wb,专家所属机构类型,GOI_ry17n6p9gi,央企CVC,5
GO_olo5iw66wb,专家所属机构类型,GOI_uifi79mugp,央企,6
GO_olo5iw66wb,专家所属机构类型,GOI_w0lggskraa,高新区国资,7
GO_olo5iw66wb,专家所属机构类型,GOI_ijfbogg3wf,市属国资,8
GO_olo5iw66wb,专家所属机构类型,GOI_k6x0z6j9me,券商系,9
GO_olo5iw66wb,专家所属机构类型,GOI_lwqro9qgtb,市场化,10
GO_olo5iw66wb,专家所属机构类型,GOI_jqx4ch19p1,FA,11
GO_olo5iw66wb,专家所属机构类型,GOI_m78h9t5cwb,咨询机构,12
GO_olo5iw66wb,专家所属机构类型,GOI_wjcagfpb6m,协会,13
GO_olo5iw66wb,专家所属机构类型,GOI_akhfsw8566,家办,14
GO_olo5iw66wb,专家所属机构类型,GOI_byudx79mv1,媒体,15
GO_olo5iw66wb,专家所属机构类型,GOI_fzfu9dsdvq,商会,16
GO_olo5iw66wb,专家所属机构类型,GOI_vhi9zbk77y,资本金供应商,17
GO_olo5iw66wb,专家所属机构类型,GOI_ssyxp4ewd8,猎头公司,18
GO_olo5iw66wb,专家所属机构类型,GOI_wkpx0d2e7r,上市公司,19
GO_olo5iw66wb,专家所属机构类型,GOI_bqrdar15bp,省属国企,20
GO_olo5iw66wb,专家所属机构类型,GOI_gyyca1iy1h,市属国企,21
GO_olo5iw66wb,专家所属机构类型,GOI_in9yt507bb,民企,22
GO_olo5iw66wb,专家所属机构类型,GOI_uvk861fji5,城商行,23
GO_olo5iw66wb,专家所属机构类型,GOI_s5817t46ee,央企子公司,24
GO_olo5iw66wb,专家所属机构类型,GOI_in2zk5jnh0,其他,25
GO_operating_status,运营状态字典值,-1,停止运营,0
GO_operating_status,运营状态字典值,0,状态不明,1
GO_operating_status,运营状态字典值,1,运营中,2
GO_org_nature,投资机构性质字典值,GOI_lec6jwjnut,市场化,0
GO_org_nature,投资机构性质字典值,GOI_b9byeyc81s,产业CVC,1
GO_org_nature,投资机构性质字典值,GOI_l5g3wn0718,央企CVC,2
GO_org_nature,投资机构性质字典值,GOI_qdnae3iu4p,省属国资,3
GO_org_nature,投资机构性质字典值,GOI_uqfw9xskxe,市属国资,4
GO_org_nature,投资机构性质字典值,GOI_x85uqjdanr,区属国资,5
GO_org_nature,投资机构性质字典值,GOI_yv2itkdqtw,券商系,6
GO_org_nature,投资机构性质字典值,GOI_aldsu83v8z,央企,7
GO_org_nature,投资机构性质字典值,GOI_rcq3y57ovl,国企,8
GO_org_nature,投资机构性质字典值,GOI_rcq3y57ovl,国企国资,8
GO_org_nature,投资机构性质字典值,GOI_op2dihuxr7,FA,9
GO_org_nature,投资机构性质字典值,GOI_nzmyl0mohy,其他,20
GO_org_nature,投资机构性质字典值,GOI_btb3i72sbl,国资,10
GO_org_nature,投资机构性质字典值,GOI_p3rja5j1oa,高新区国资,11
GO_org_nature,投资机构性质字典值,GOI_zy28uv1ib3,国家大基金管理人,12
GO_org_nature,投资机构性质字典值,GOI_vjaozl4jxt,咨询机构,13
GO_org_nature,投资机构性质字典值,GOI_ot6d28iv2b,协会,14
GO_org_nature,投资机构性质字典值,GOI_hhrcvphufu,家办,15
GO_org_nature,投资机构性质字典值,GOI_fwdsrndawi,媒体,16
GO_org_nature,投资机构性质字典值,GOI_dhp5smmdk2,资本金供应商,17
GO_org_nature,投资机构性质字典值,GOI_od73vzcrh3,猎头公司,18
GO_org_nature,投资机构性质字典值,GOI_xsb4xt8kiw,上市公司,19
GO_p8vbq7ashi,地块用途,1,"1	工业用地",0
GO_p8vbq7ashi,地块用途,2,"2	科研用地",1
GO_p8vbq7ashi,地块用途,3,"3	商业用地",2
GO_p8vbq7ashi,地块用途,4,"4	商办用地",3
GO_p8vbq7ashi,地块用途,5,"5	仓储用地",4
GO_p8vbq7ashi,地块用途,6,"6	文旅用地",5
GO_p8vbq7ashi,地块用途,7,"7	商住用地",6
GO_p8vbq7ashi,地块用途,8,"8	居住用地",7
GO_p8vbq7ashi,地块用途,9,"9	文化设施",8
GO_product_type,金融产品类型字典值,GOI_vn4vfvrvp5,经营类贷款,0
GO_product_type,金融产品类型字典值,GOI_r423tousfb,项目类贷款,1
GO_product_type,金融产品类型字典值,GOI_d1l52apszc,贸易与结算类贷款,2
GO_product_type,金融产品类型字典值,GOI_j1hu2ne4yj,专项扶持贷款,3
GO_product_type,金融产品类型字典值,GOI_s8gs7m1rr1,票据与金融工具类,4
GO_product_type,金融产品类型字典值,GOI_mrovlusyoc,政策导向类贷款,5
GO_product_type,金融产品类型字典值,GOI_i2tmaef0xi,绿色金融类,6
GO_product_type,金融产品类型字典值,1,企业产品,0
GO_product_type,金融产品类型字典值,2,疫情产品,1
GO_product_type,金融产品类型字典值,3,政策产品,2
GO_product_type,金融产品类型字典值,4,非银类产品,3
GO_product_type,金融产品类型字典值,5,股权融资产品,4
GO_product_type,金融产品类型字典值,6,秒批秒贷,5
GO_product_type,金融产品类型字典值,7,热门产品,6
GO_product_type,金融产品类型字典值,8,首贷中心,7
GO_product_type,金融产品类型字典值,9,政信贷,8
GO_product_type,金融产品类型字典值,10,区域政策产品,9
GO_product_type,金融产品类型字典值,11,碳减排,10
GO_product_type,金融产品类型字典值,12,支小再贷款,11
GO_product_type,金融产品类型字典值,13,支农再贷款,12
GO_product_type,金融产品类型字典值,14,科创金融,13
GO_product_type,金融产品类型字典值,15,恵企产品,14
GO_product_type,金融产品类型字典值,16,亩均英雄贷,15
GO_product_type,金融产品类型字典值,17,债权融资,16
GO_product_type,金融产品类型字典值,18,股权融资,17
GO_product_type,金融产品类型字典值,19,投贷联动,18
GO_product_type,金融产品类型字典值,20,股权融资（信易贷）,19
GO_product_type,金融产品类型字典值,21,普惠金融,20
GO_product_type,金融产品类型字典值,22,重点项目,21
GO_project_labels,项目标签,1,总部项目,0
GO_project_labels,项目标签,2,制造基地,1
GO_project_labels,项目标签,3,研发中心,2
GO_project_labels,项目标签,4,销售中心,3
GO_project_labels,项目标签,5,供应链中心,4
GO_project_labels,项目标签,6,技改增资扩产,5
GO_project_labels,项目标签,7,临规项目,6
GO_project_labels,项目标签,8,腰部项目,7
GO_project_labels,项目标签,9,元宇宙项目,8
GO_project_labels,项目标签,10,光学项目,9
GO_project_labels,项目标签,11,创业团队项目,10
GO_project_labels,项目标签,12,其他,11
GO_project_labels,项目标签,99,其他,11
GO_promotion_types,推进形式,GOI_yltujurz7o,外出赴企业考察,0
GO_promotion_types,推进形式,GOI_pw5w4ngkub,来肥交流,1
GO_promotion_types,推进形式,GOI_z2y6li4q1f,电话沟通,2
GO_promotion_types,推进形式,GOI_qj8ejndsx8,线上会议,3
GO_pti8noz3al,并购买方需求公司类型,GOI_nsz1fwmzc3,上市公司,0
GO_pti8noz3al,并购买方需求公司类型,GOI_dhgi6lwzcw,非上市公司,1
GO_quality_score,任务质量评分,1,优秀,0
GO_quality_score,任务质量评分,2,良好,1
GO_quality_score,任务质量评分,3,不及格,2
GO_r_ref_currency,币种字典表,2,美元,2
GO_r_ref_currency,币种字典表,3,港元,3
GO_r_ref_currency,币种字典表,4,欧元,4
GO_r_ref_currency,币种字典表,5,日元,5
GO_r_ref_currency,币种字典表,6,英镑,6
GO_r_ref_currency,币种字典表,7,新加坡元,7
GO_r_ref_currency,币种字典表,8,加元,8
GO_r_ref_currency,币种字典表,9,卢比,9
GO_r_ref_currency,币种字典表,10,澳门元,10
GO_r_ref_currency,币种字典表,12,澳大利亚元,11
GO_r_ref_currency,币种字典表,13,瑞士法郎,12
GO_r_ref_currency,币种字典表,14,新西兰元,13
GO_r_ref_currency,币种字典表,15,韩元,14
GO_r_ref_currency,币种字典表,1,人民币,1
GO_r_ref_currency,币种字典表,0,--,0
GO_r_reg_type,企业注册类型字典值,110,国有企业,0
GO_r_reg_type,企业注册类型字典值,120,集体企业,1
GO_r_reg_type,企业注册类型字典值,130,股份合作企业,2
GO_r_reg_type,企业注册类型字典值,140,联营企业,3
GO_r_reg_type,企业注册类型字典值,150,有限责任公司,4
GO_r_reg_type,企业注册类型字典值,160,股份有限公司,5
GO_r_reg_type,企业注册类型字典值,170,私营企业,6
GO_r_reg_type,企业注册类型字典值,190,其他内资企业,7
GO_r_reg_type,企业注册类型字典值,200,港、澳、台商投资企业,8
GO_r_reg_type,企业注册类型字典值,210,个人独资企业,9
GO_r_reg_type,企业注册类型字典值,220,有限合伙,10
GO_r_reg_type,企业注册类型字典值,230,普通合伙,11
GO_r_reg_type,企业注册类型字典值,300,外商投资企业,12
GO_r_reg_type,企业注册类型字典值,900,个体工商户,13
GO_r_rounds,轮次字典值,25,已上市,21
GO_r_rounds,轮次字典值,1,种子轮,0
GO_r_rounds,轮次字典值,2,天使轮,1
GO_r_rounds,轮次字典值,3,Pre-A轮,2
GO_r_rounds,轮次字典值,4,A轮,3
GO_r_rounds,轮次字典值,5,A+轮,4
GO_r_rounds,轮次字典值,6,Pre-B轮,5
GO_r_rounds,轮次字典值,7,B轮,6
GO_r_rounds,轮次字典值,8,B+轮,7
GO_r_rounds,轮次字典值,9,Pre-C轮,8
GO_r_rounds,轮次字典值,10,C轮,9
GO_r_rounds,轮次字典值,11,C+轮,10
GO_r_rounds,轮次字典值,12,D轮,11
GO_r_rounds,轮次字典值,13,E轮,12
GO_r_rounds,轮次字典值,14,F轮,13
GO_r_rounds,轮次字典值,15,G轮,14
GO_r_rounds,轮次字典值,16,H轮,15
GO_r_rounds,轮次字典值,17,I轮,16
GO_r_rounds,轮次字典值,18,J轮,17
GO_r_rounds,轮次字典值,19,K轮,18
GO_r_rounds,轮次字典值,20,战略投资,19
GO_r_rounds,轮次字典值,24,Pre-IPO,20
GO_r_rounds,轮次字典值,27,并购,22
GO_r_rounds,轮次字典值,29,未融资,23
GO_r_rounds,轮次字典值,30,未知轮次,24
GO_r_rounds,轮次字典值,31,无需融资,25
GO_r_rounds,轮次字典值,32,已退市,26
GO_r4efv8dda0,可用地情况,1,待征地,0
GO_r4efv8dda0,可用地情况,2,熟地,1
GO_r4efv8dda0,可用地情况,6,计划未解决,2
GO_r4efv8dda0,可用地情况,3,已供地,3
GO_r4efv8dda0,可用地情况,4,已征收未供地,4
GO_r4efv8dda0,可用地情况,5,计划已解决,5
GO_r5ov6a9crs,买方对赌要求,GOI_txrwk4jdeg,有,0
GO_r5ov6a9crs,买方对赌要求,GOI_wcucde2haw,无,1
GO_r7ckmb08em,平台公司,1,产投,0
GO_r7ckmb08em,平台公司,2,建投,1
GO_r7ckmb08em,平台公司,3,兴泰,2
GO_r7ckmb08em,平台公司,4,滨投,3
GO_r7ckmb08em,平台公司,5,科大硅谷,4
GO_r7ckmb08em,平台公司,6,文博集团,5
GO_r9bl32h5dm,并购买方需求类型,GOI_kvzfun2z1d,控股,0
GO_r9bl32h5dm,并购买方需求类型,GOI_e70gq7olz3,参股,1
GO_r9bl32h5dm,并购买方需求类型,GOI_og0s1whvk2,控股和参股,2
GO_responsible_department,新研机构主责部门,GOI_runvggdko9,发改委,0
GO_responsible_department,新研机构主责部门,GOI_g7ntnktsgy,工信部,1
GO_responsible_department,新研机构主责部门,GOI_zphts37bic,市科技局,2
GO_responsible_department,新研机构主责部门,GOI_mfcs6gvcio,市投资促进局,3
GO_responsible_department,新研机构主责部门,GOI_bpqht7nnll,市委政法委,4
GO_responsible_department,新研机构主责部门,GOI_em1glte1wh,市农业农村局,5
GO_responsible_department,新研机构主责部门,GOI_pb0gc9vl4q,市委金融办,6
GO_responsible_department,新研机构主责部门,GOI_gxdws2idki,市财政局 ,7
GO_s554pw27x9,优先级,0,高,0
GO_s554pw27x9,优先级,1,中,1
GO_s554pw27x9,优先级,2,低,2
GO_schedule_activity_level,日程活动级别,A,A,0
GO_schedule_activity_level,日程活动级别,B,B,1
GO_schedule_activity_level,日程活动级别,C,C,2
GO_schedule_activity_level,日程活动级别,D,D,3
GO_schedule_activity_type,日程活动类型,GOI_roadshow,主题路演,0
GO_schedule_activity_type,日程活动类型,GOI_capital_connection,线下资本对接,1
GO_schedule_activity_type,日程活动类型,GOI_project_assessment,项目线索研判,2
GO_schedule_activity_type,日程活动类型,GOI_investment_assessment,投融资研判,3
GO_schedule_activity_type,日程活动类型,GOI_cultivate,培训,4
GO_schedule_activity_type,日程活动类型,GOI_roadshow,路演活动,0
GO_schedule_activity_type,日程活动类型,GOI_project_assessment,项目线索研判,3
GO_schedule_activity_type,日程活动类型,GOI_investment_assessment,投融资研判,4
GO_schedule_activity_type,日程活动类型,GOI_cultivate,培训,5
GO_schedule_activity_type,日程活动类型,GOI_financing_activities,融资活动,1
GO_schedule_activity_type,日程活动类型,GOI_industry_seminar,行业研讨会,2
GO_schedule_activity_type,日程活动类型,GOI_other,其他,6
GO_schedule_activity_type,日程活动类型,GOI_roadshow,重大项目路演,0
GO_schedule_activity_type,日程活动类型,GOI_financing_activities,常态化路演,1
GO_schedule_activity_type,日程活动类型,GOI_industry_seminar,行业研讨会,3
GO_schedule_activity_type,日程活动类型,GOI_other,其他,5
GO_schedule_activity_type,日程活动类型,GOI_ecosystem_activities,生态活动,2
GO_schedule_activiy_industry,日程活动行业分类,99,生态合伙人,0
GO_schedule_activiy_industry,日程活动行业分类,1,新能源及智能网联汽车,1
GO_schedule_activiy_industry,日程活动行业分类,2,新一代信息技术-集成电路,2
GO_schedule_activiy_industry,日程活动行业分类,3,新一代信息技术-智能机器人,3
GO_schedule_activiy_industry,日程活动行业分类,5,新一代信息技术-新型显示,4
GO_schedule_activiy_industry,日程活动行业分类,6,新一代信息技术-智能城市,5
GO_schedule_activiy_industry,日程活动行业分类,35,新一代信息技术-数字经济,6
GO_schedule_activiy_industry,日程活动行业分类,37,新一代信息技术-人工智能,7
GO_schedule_activiy_industry,日程活动行业分类,8,智能家电（居）,8
GO_schedule_activiy_industry,日程活动行业分类,9,先进光伏及新型储能,9
GO_schedule_activiy_industry,日程活动行业分类,10,生物医药,10
GO_schedule_activiy_industry,日程活动行业分类,11,高端装备及新材料-新材料,11
GO_schedule_activiy_industry,日程活动行业分类,12,高端装备及新材料-高端装备,12
GO_schedule_activiy_industry,日程活动行业分类,36,节能环保与新能源（除光储）,13
GO_schedule_activiy_industry,日程活动行业分类,14,量子信息与仪器,14
GO_schedule_activiy_industry,日程活动行业分类,15,空天技术-空天信息与商业航天,15
GO_schedule_activiy_industry,日程活动行业分类,16,空天技术-低空经济,16
GO_schedule_activiy_industry,日程活动行业分类,17,聚变能源,17
GO_schedule_activiy_industry,日程活动行业分类,19,生物制造,18
GO_schedule_activiy_industry,日程活动行业分类,21,绿色食品及现代种业（现代农业和农产品加工）,19
GO_schedule_activiy_industry,日程活动行业分类,38,文旅商贸和生活性服务业,20
GO_schedule_activiy_industry,日程活动行业分类,39,生产性服务业,21
GO_schedule_activiy_industry,日程活动行业分类,33,现代法务服务业,22
GO_schedule_activiy_industry,日程活动行业分类,34,其他,23
GO_schedule_participation_status,日程参与状态,ST_1,待定,0
GO_schedule_participation_status,日程参与状态,ST_2,参加,1
GO_schedule_participation_status,日程参与状态,ST_3,拒绝,2
GO_schedule_type,日程类型分类,GOI_1,日程,0
GO_schedule_type,日程类型分类,GOI_2,活动,1
GO_schedule_type,日程类型分类,GOI_1,会议,0
GO_score_org_type,评分机构类别,1,金融机构奖惩规则,0
GO_score_org_type,评分机构类别,2,投资机构奖惩规则,1
GO_score_rule_condition,评分规则条件,any,包含任一,0
GO_score_rule_condition,评分规则条件,notAny,不包含,1
GO_score_rule_condition,评分规则条件,eq,等于,2
GO_score_rule_condition,评分规则条件,neq,不等于,3
GO_score_rule_condition,评分规则条件,gt,大于,4
GO_score_rule_condition,评分规则条件,lt,小于,5
GO_score_rule_condition,评分规则条件,gte,大于等于,6
GO_score_rule_condition,评分规则条件,lte,小于等于,7
GO_score_rule_condition,评分规则条件,gele,介于（含边界）,8
GO_score_rule_condition,评分规则条件,gelt,介于（前闭后开）,9
GO_sh7s5dtnwh,待办重要性,GOI_1,非常重要,0
GO_sh7s5dtnwh,待办重要性,GOI_2,较为重要,1
GO_sh7s5dtnwh,待办重要性,GOI_3,一般重要,2
GO_sh7s5dtnwh,待办重要性,GOI_4,不重要,3
GO_sl8o6ew7xq,园区类型,1,"1	产业园区",0
GO_sl8o6ew7xq,园区类型,2,"2	高新区",1
GO_sl8o6ew7xq,园区类型,3,"3	开发区",2
GO_sl8o6ew7xq,园区类型,4,"4	工业园",3
GO_sl8o6ew7xq,园区类型,5,"5	小微园",4
GO_t27u0x8eqi,融资需求/额度,1,100万以下,0
GO_t27u0x8eqi,融资需求/额度,2,100-200万,1
GO_t27u0x8eqi,融资需求/额度,3,200-500万,2
GO_t27u0x8eqi,融资需求/额度,4,500-1000万,3
GO_t27u0x8eqi,融资需求/额度,5,1000万以上,4
GO_trigger_mechanism,触发机制,1,系统自动触发,0
GO_trigger_mechanism,触发机制,2,手动触发,1
GO_uay71rbiwh,日程会议分类,GOI_weekly_meeting,周例会,0
GO_uay71rbiwh,日程会议分类,GOI_lead_meeting,线索会,1
GO_uay71rbiwh,日程会议分类,GOI_other,其他,2
GO_uc7r6c88lb,场景产业字典,GOI_pyqbqnvkd6,集成电路,0
GO_uc7r6c88lb,场景产业字典,GOI_r6jpnglcp2,新型显示,1
GO_uc7r6c88lb,场景产业字典,GOI_bju3pbk8ct,量子产业,2
GO_uc7r6c88lb,场景产业字典,GOI_k093lbjp87,网络信息与安全,3
GO_uc7r6c88lb,场景产业字典,GOI_k9fdpt107a,城市安全,4
GO_uc7r6c88lb,场景产业字典,GOI_lzmlr71xvz,空天信息,5
GO_uc7r6c88lb,场景产业字典,GOI_v7uo444fzf,人工智能,6
GO_uc7r6c88lb,场景产业字典,GOI_w619cma0xf,新能源汽车和智能网联汽车,7
GO_uc7r6c88lb,场景产业字典,GOI_b6ba77icvg,生物医药,8
GO_uc7r6c88lb,场景产业字典,GOI_r0h19b3yju,新材料,9
GO_uc7r6c88lb,场景产业字典,GOI_bndaac6y8p,高端装备,10
GO_uc7r6c88lb,场景产业字典,GOI_gjxm94zglq,节能环保,11
GO_uc7r6c88lb,场景产业字典,GOI_z8aa4ke5iq,光伏及新能源,12
GO_uc7r6c88lb,场景产业字典,GOI_jp22z5ovnw,绿色食品及现代种业,13
GO_uc7r6c88lb,场景产业字典,GOI_ud5893gea0,创意文化,14
GO_uc7r6c88lb,场景产业字典,GOI_h8hionvm92,智能家电,15
GO_uc7r6c88lb,场景产业字典,GOI_kz6rkecgfj,聚变能源,16
GO_uc7r6c88lb,场景产业字典,GOI_ae7fo7eurq,先进光伏及新型储能,17
GO_uc7r6c88lb,场景产业字典,GOI_q9qq1aj9au,合成生物,18
GO_uc7r6c88lb,场景产业字典,GOI_asp7sk14tc,其他,19
GO_uc7r6c88lb,场景产业字典,GOI_oirkjevjxg,低空经济,20
GO_uc7r6c88lb,场景产业字典,GOI_leuaxsa9gp,城市建管,21
GO_uc7r6c88lb,场景产业字典,GOI_wms8u60xw5,民生服务,22
GO_ufphsxgy5i,金融机构级别,10,A,0
GO_ufphsxgy5i,金融机构级别,20,B,1
GO_ufphsxgy5i,金融机构级别,30,C,2
GO_v1tduhwf4w,开始提醒设置,1,不提醒,0
GO_v1tduhwf4w,开始提醒设置,2,任务开始时,1
GO_v1tduhwf4w,开始提醒设置,3,任务开始5分钟前,2
GO_v1tduhwf4w,开始提醒设置,4,任务开始10分钟前,3
GO_v1tduhwf4w,开始提醒设置,5,任务开始15分钟前,4
GO_v1tduhwf4w,开始提醒设置,6,任务开始30分钟前,5
GO_v1tduhwf4w,开始提醒设置,7,任务开始1小时前,6
GO_v1tduhwf4w,开始提醒设置,8,任务开始2小时前,7
GO_v1tduhwf4w,开始提醒设置,9,任务开始1天前,8
GO_v1tduhwf4w,开始提醒设置,10,任务开始2天前,9
GO_v1tduhwf4w,开始提醒设置,11,指定日期,10
GO_v4h18faw8x,迁址需求,GOI_iuaxtypvyj,有,0
GO_v4h18faw8x,迁址需求,GOI_yvuz0tpcos,无,1
GO_v4h6huqu3y,租金类型,1,"1	按面积算",0
GO_v4h6huqu3y,租金类型,2,"2	按单间算",1
GO_v4h6huqu3y,租金类型,3,"3	面议",2
GO_visit_object,拜访对象,1,项目,0
GO_visit_object,拜访对象,2,线索,1
GO_visit_object,拜访对象,3,合作伙伴,2
GO_vww5p773cr,租金类型,1,按面积算,0
GO_vww5p773cr,租金类型,2,按单间算,1
GO_vww5p773cr,租金类型,3,面议,2
GO_week,周几枚举,1,周一,0
GO_week,周几枚举,2,周二,1
GO_week,周几枚举,3,周三,2
GO_week,周几枚举,4,周四,3
GO_week,周几枚举,5,周五,4
GO_week,周几枚举,6,周六,5
GO_week,周几枚举,7,周日,6
GO_xck9b0eghx,完成状态,1,未完成,0
GO_xck9b0eghx,完成状态,2,已完成,1
GO_xck9b0eghx,完成状态,0,草稿,2
GO_xdjl9bgern,开始提醒设置(日程),1,不提醒,0
GO_xdjl9bgern,开始提醒设置(日程),2,日程发生时,1
GO_xdjl9bgern,开始提醒设置(日程),3,5分钟前,2
GO_xdjl9bgern,开始提醒设置(日程),4,10分钟前,3
GO_xdjl9bgern,开始提醒设置(日程),5,15分钟前,4
GO_xdjl9bgern,开始提醒设置(日程),6,30分钟前,5
GO_xdjl9bgern,开始提醒设置(日程),7,1小时前,6
GO_xdjl9bgern,开始提醒设置(日程),8,2小时前,7
GO_xdjl9bgern,开始提醒设置(日程),9,1天前,8
GO_xdjl9bgern,开始提醒设置(日程),10,2天前,9
GO_xdjl9bgern,开始提醒设置(日程),11,指定日期,10
GO_y0dn0mcjsn,产业支持类型,1,"1	研究院",0
GO_y0dn0mcjsn,产业支持类型,2,"2	全国重点实验室",1
GO_y0dn0mcjsn,产业支持类型,3,"3	新研机构",2
GO_y0dn0mcjsn,产业支持类型,4,"4	其他",3
GO_yhjtw3xdyu,项目来源,1,市局项目,0
GO_yhjtw3xdyu,项目来源,2,投促公司项目,1
GO_yhjtw3xdyu,项目来源,3,外部机构项目,2
GO_yyi2fv59id,园区级别,1,国家级,0
GO_yyi2fv59id,园区级别,2,省级,1
GO_yyi2fv59id,园区级别,3,市级,2
GO_yyi2fv59id,园区级别,4,区级,3
GO_yyi2fv59id,园区级别,5,镇街级,4
GO_yyi2fv59id,园区级别,6,其他,5
GO_z7z7fiqta7,项目类型,GOI_1,项目,0
GO_z7z7fiqta7,项目类型,GOI_2,在谈项目,1
GO_z7z7fiqta7,项目类型,GOI_3,签约项目,2
GO_ztij5qyhuv,要素,1,资本,0
GO_ztij5qyhuv,要素,2,场景,1
GO_ztij5qyhuv,要素,3,场地,2
GO_ztij5qyhuv,要素,4,政策,3
GO_zw0e5his94,逾期状态,0,未逾期,0
GO_zw0e5his94,逾期状态,1,已逾期,1
GO_zy1rjlc1it,园区级别,1,"1	国家级",0
GO_zy1rjlc1it,园区级别,2,"2	省级",1
GO_zy1rjlc1it,园区级别,3,"3	市级",2
GO_zy1rjlc1it,园区级别,4,"4	区级",3
GO_zy1rjlc1it,园区级别,5,"5	镇街级",4
GO_zy1rjlc1it,园区级别,6,"6	其他",5
userOnPostStatus,在职状态,onPost,在职,0
userOnPostStatus,在职状态,depart,离职,1
