dict_code,dict_name,iterm_value,iterm_name,sort
bpm-audit-status,bpm审批状态,0,待提交,0
bpm-audit-status,bpm审批状态,1,审批中,1
bpm-audit-status,bpm审批状态,2,已完成,2
bpm-audit-status,bpm审批状态,3,已驳回,3
bpm-audit-status,bpm审批状态,4,已撤回,4
C_GO_hmqf23r4hm,活动类型,C_GOI_xvfusggibz,展会,0
C_GO_hmqf23r4hm,活动类型,C_GOI_acsbmca7f9,培训,1
C_GO_hmqf23r4hm,活动类型,C_GOI_iykib9b88s,发布会,2
C_GO_hmqf23r4hm,活动类型,C_GOI_whznis26wg,路演,3
C_GO_hmqf23r4hm,活动类型,C_GOI_fnez3b7swp,Open Day,4
C_GO_hmqf23r4hm,活动类型,C_GOI_inyb5xj1e1,广告投放,5
C_GO_hmqf23r4hm,活动类型,C_GOI_c6pr7jmk3v,KoL,6
C_GO_hmqf23r4hm,活动类型,C_GOI_f0arc8gmv8,媒体广告,7
C_GO_mfrbnnvnsq,举办方式,C_GOI_eal2okwncv,线下,0
C_GO_mfrbnnvnsq,举办方式,C_GOI_iv1r78qwwi,线上,1
C_GO_dhv4pe23l1,国家地区,C_GOI_pvw3ptz6vy,中国,0
C_GO_dhv4pe23l1,国家地区,C_GOI_imst2mt58u,江苏,0
C_GO_dhv4pe23l1,国家地区,C_GOI_ehxn64j9vd,上海,1
C_GO_dhv4pe23l1,国家地区,C_GOI_jo4qutavb3,北京,2
C_GO_dhv4pe23l1,国家地区,C_GOI_je9jxdvn80,广东,3
C_GO_dhv4pe23l1,国家地区,C_GOI_lye77rvw23,深圳,4
C_GO_dhv4pe23l1,国家地区,C_GOI_lp9zs87stf,欧洲,1
C_GO_dhv4pe23l1,国家地区,C_GOI_uhdscdy0d4,英国,0
C_GO_dhv4pe23l1,国家地区,C_GOI_wwqywd2mla,瑞士,1
C_GO_dhv4pe23l1,国家地区,C_GOI_yysgk8dlya,德国,2
C_GO_dhv4pe23l1,国家地区,C_GOI_cseq1yq8gt,西班牙,3
C_GO_rfw1awze5d,人员规模,C_GOI_zy2ljv0axx,10人以内,0
C_GO_rfw1awze5d,人员规模,C_GOI_yz2178r5ah,10-50,1
C_GO_rfw1awze5d,人员规模,C_GOI_s0bh69o2l3,50-100,3
C_GO_rfw1awze5d,人员规模,C_GOI_b8h7035emm,100-500,4
C_GO_rfw1awze5d,人员规模,C_GOI_hw1h9y776q,500-1000,5
C_GO_rfw1awze5d,人员规模,C_GOI_rl1vi9nu8t,1000-5000,6
C_GO_rfw1awze5d,人员规模,C_GOI_ivv8fr0iu4,5000-10000,7
C_GO_rfw1awze5d,人员规模,C_GOI_vjnnmx93yw,10000以上,8
C_GO_vavfzq0xsr,推广渠道,C_GOI_s30ijv4f05,官网,0
C_GO_vavfzq0xsr,推广渠道,C_GOI_ekxcx7pscf,公众号,1
C_GO_vavfzq0xsr,推广渠道,C_GOI_jrb5hgllle,邮件,2
C_GO_vavfzq0xsr,推广渠道,C_GOI_h33kmx4urs,在线客服,3
C_GO_bl9kwqk2au,成员状态,C_GOI_hcz7arob5d,已邀请,0
C_GO_bl9kwqk2au,成员状态,C_GOI_dfmfxsyej0,已回复,1
C_GO_bl9kwqk2au,成员状态,C_GOI_mc9jhakv1f,已报名,2
C_GO_bl9kwqk2au,成员状态,C_GOI_t742wxgqt2,已签到,3
C_GO_bl9kwqk2au,成员状态,C_GOI_o2sow7dxqn,已留资,4
C_GO_h9vfwu6nlu,分发渠道,C_GOI_tzgib3gpfb,抖音,0
C_GO_h9vfwu6nlu,分发渠道,C_GOI_ye7xm2elfk,facebook,1
C_GO_yaz85n6xn8,所在区域,C_GOI_ew7ngsk6dh,华东,0
C_GO_yaz85n6xn8,所在区域,C_GOI_em6lw0lmki,华南,1
C_GO_yaz85n6xn8,所在区域,C_GOI_ude8gc3x8z,华北,2
C_GO_stu76c0w6w,费用项,C_GOI_gvrxqx63as,差旅费,0
C_GO_stu76c0w6w,费用项,C_GOI_azji9w5uys,住宿费,1
C_GO_stu76c0w6w,费用项,C_GOI_xpu4ryi8a1,礼品费,2
C_GO_stu76c0w6w,费用项,C_GOI_gh6eqffgko,场地费,3
C_GO_stu76c0w6w,费用项,C_GOI_nzfrrnj3od,物料费,4
C_GO_stu76c0w6w,费用项,C_GOI_w1zpctkdrz,其他,5
C_GO_i7r3gju4nu,市场活动成员类型,C_GOI_q9ylx1zp65,线索,0
C_GO_i7r3gju4nu,市场活动成员类型,C_GOI_v7lgzo2925,联系人,1
C_GO_cigzd0lqhp,测试,C_GOI_dffs7s959m,1,0
C_GO_cigzd0lqhp,测试,C_GOI_dlboczqmyf,1.1,0
C_GO_cigzd0lqhp,测试,C_GOI_mq39u1keib,2,1
C_GO_cigzd0lqhp,测试,C_GOI_icuf75r3hv,2.1,0
C_GO_aixmqk0j8g,销售单位,C_GOI_cbgonvwc7h,件,0
C_GO_rowcq041pl,邀请结果,C_GOI_by5wo89qvc,确认参加,0
C_GO_rowcq041pl,邀请结果,C_GOI_ofbobwzfwq,无法参加,1
userSex,性别,man,男,0
userSex,性别,woman,女,1
userOnPostStatus,在职状态,onPost,在职,0
userOnPostStatus,在职状态,depart,离职,1
userEnableStatus,启用状态,enabled,启用,0
C_GO_rowcq041pl,邀请结果,C_GOI_zhy7dlq8qo,待定,2
C_GO_qaz0tmap2s,表单语言,C_GOI_xddnnnk2h6,中文,0
C_GO_qaz0tmap2s,表单语言,C_GOI_i9rophsgv6,英文,1
C_GO_qaz0tmap2s,表单语言,C_GOI_vo2ojr10mb,德语,2
C_GO_qaz0tmap2s,表单语言,C_GOI_zpnmm3cq51,意大利语,3
C_GO_qaz0tmap2s,表单语言,C_GOI_wmhjbv32kr,西班牙语,4
C_GO_ol4qu4695c,业务类型,C_GOI_rhtanzwoin,内部人员,0
C_GO_ol4qu4695c,业务类型,C_GOI_cqez2kezxw,外部人员,1
C_GO_s5i2xv2al0,部门类型,C_GOI_fzpf5lmqd7,内部部门,0
C_GO_s5i2xv2al0,部门类型,C_GOI_t51f9n49si,外部部门,1
C_GO_cigzd0lqhp,测试,C_GOI_dwiur6q8wk,3,2
C_GO_cigzd0lqhp,测试,C_GOI_yjv804g02t,4,3
C_GO_cigzd0lqhp,测试,C_GOI_dwiur6q8wf,3.1,0
C_GO_cigzd0lqhp,测试,C_GOI_xz1yv3fh5b,3.2,1
C_GO_h9tpyr70h7,3级,C_GOI_hpfw3vsl1l,1,0
C_GO_h9tpyr70h7,3级,C_GOI_vxwdu18w58,1.1,0
C_GO_h9tpyr70h7,3级,C_GOI_tosia1vihf,1.1.1,0
C_GO_h9vfwu6nlu,分发渠道,C_GOI_oq0oomk4ug,默认渠道,2
C_GO_h9vfwu6nlu,分发渠道,C_GOI_iau8uuao11,Youtube,3
C_GO_vavfzq0xsr,推广渠道,C_GOI_zwuysv234s,默认渠道,5
userEnableStatus,启用状态,disabled,停用,1
C_GO_c0rr1phh9e,产品类型,C_GOI_l239z3mz6z,产品,0
C_GO_c0rr1phh9e,产品类型,C_GOI_l31t1uwav7,虚拟服务,1
C_GO_emg42cv1o4,角色,C_GOI_neg2ik0fhr,执行人,0
C_GO_emg42cv1o4,角色,C_GOI_d56on67yjc,决策人,1
C_GO_emg42cv1o4,角色,C_GOI_xb5ver4a93,影响人,2
C_GO_emg42cv1o4,角色,C_GOI_uedkrp5mzv,未知,3
C_GO_n2m30yjggo,合同状态,C_GOI_zb01v15wtf,未生效,0
C_GO_n2m30yjggo,合同状态,C_GOI_q856n4nsut,已生效,1
C_GO_contract status,,C_GOI_e4ikyxkpu2,未生效,0
C_GO_contract status,,C_GOI_i81nws1b69,已生效,1
C_GO_timezone,时区,UTC-12,(UTC-12)国际换日线,0
C_GO_timezone,时区,UTC-11,(UTC-11)中途岛、萨摩亚群岛,1
C_GO_timezone,时区,UTC-10,(UTC-10)夏威夷,2
C_GO_timezone,时区,UTC-09,(UTC-09)阿拉斯加,3
C_GO_timezone,时区,UTC-08,(UTC-08)太平洋时间（美国和加拿大）,4
C_GO_timezone,时区,UTC-07,(UTC-07)山地时间（美国和加拿大）,5
C_GO_timezone,时区,UTC-06,(UTC-06)中部时间（美国和加拿大）,6
C_GO_timezone,时区,UTC-05,(UTC-05)东部时间（美国和加拿大）,7
C_GO_timezone,时区,UTC-04,(UTC-04)大西洋时间（加拿大）,8
C_GO_timezone,时区,UTC-03,(UTC-03)巴西、布宜诺斯艾利斯、乔治敦,9
C_GO_timezone,时区,UTC-02,(UTC-02)中大西洋,10
C_GO_timezone,时区,UTC-01,(UTC-01)亚速尔群岛、佛得角群岛,11
C_GO_timezone,时区,UTC,(UTC)伦敦、 都柏林、 里斯本、 CASABLANCA,12
C_GO_timezone,时区,UTC+01,(UTC+01)阿姆斯特丹、 柏林、 伯尔尼、 罗马、 斯特德、 维也纳,13
C_GO_timezone,时区,UTC+02,(UTC+02)雅典、 伊斯坦布尔、 耶路撒冷,14
C_GO_timezone,时区,UTC+03,(UTC+03)巴格达、 科威特、 马斯喀特,15
C_GO_timezone,时区,UTC+04,(UTC+04)贝鲁特、 莫斯科、 圣彼得堡、 伏尔加格勒,16
C_GO_timezone,时区,UTC+05,(UTC+05)伊斯兰堡、 卡拉奇、 塔什干,17
C_GO_timezone,时区,UTC+06,(UTC+06)阿拉木图、 新西伯利亚,18
C_GO_timezone,时区,UTC+07,(UTC+07)曼谷、 河内 、 雅加达,19
C_GO_timezone,时区,UTC+08,(UTC+08)北京标准时间,20
C_GO_timezone,时区,UTC+09,(UTC+09)东京标准时间,21
C_GO_timezone,时区,UTC+10,(UTC+10)符拉迪沃斯托克,22
C_GO_timezone,时区,UTC+11,(UTC+11)索罗门群岛,23
C_GO_timezone,时区,UTC+12,(UTC+12)惠灵顿、 富克岛,24
C_GO_timezone,时区,UTC+13,(UTC+13)菲尼克斯群岛标准时间,25
C_GO_timezone,时区,UTC+14,(UTC+14)莱恩群岛标准时间,26
C_GO_n2m30yjggo,合同状态,C_GOI_y7ycm4v6tw,已作废,2
C_GO_tack0suy44,通用业务,c_contract,合同,0
C_GO_payment_stage,回款阶段,C_GOI_full_payment,全款,0
C_GO_payment_stage,回款阶段,C_GOI_deposit_payment,尾款,1
C_GO_payment_stage,回款阶段,C_GOI_instalment_payment,分期付款,2
C_GO_r4em0u5mn9,职务,C_GOI_a44t4o0tf4,总经理,0
C_GO_v78mvritzy,客户于合作方向所属BU,C_GOI_ef5meuqpl0,品牌数字BU,0
C_GO_dxi09u3tsq,阶段,C_GOI_gzucbt0qsl,第一阶段,0
C_GO_c10ywled39,联系状态,C_GOI_ye6b2cpdom,状态1,0
C_GO_oa0ue38blv,客户类型,C_GOI_rxv9yfi329,KA-重点客户,0
C_GO_oa0ue38blv,客户类型,C_GOI_lvtkne4lh2,RKA-零售重点客户,1
C_GO_oa0ue38blv,客户类型,C_GOI_ujegh5sybc,小RKA-区域零售重点客户,2
C_GO_oa0ue38blv,客户类型,C_GOI_x780oscmea,SMB-中小型企业客户,3
C_GO_r72s7jezl0,业务分类,C_GOI_yqtzx0rcqp,1.0业务,0
C_GO_r72s7jezl0,业务分类,C_GOI_gdxq9m3wjh,2.0业务,1
C_GO_gjapt5px8s,商机类型,C_GOI_yot51dqxmq,产品类,0
C_GO_gjapt5px8s,商机类型,C_GOI_r1wgvi7uqk,服务类,1
C_GO_suuq7m5r6l,产品细分类别,C_GOI_yh0cnt7y69,类别1,0
C_GO_suuq7m5r6l,产品细分类别,C_GOI_bdjsn88dve,类别2,1
C_GO_ji6smvec6u,商机标签,C_GOI_uyu7enstqd,老客旧商机,0
C_GO_ji6smvec6u,商机标签,C_GOI_y86bnc3lsu,老客新商机,1
C_GO_ji6smvec6u,商机标签,C_GOI_di2tx7g0jh,新客新商机,2
C_GO_yaz85n6xn8,所在区域,C_GOI_hkvasaxy8t,华中,3
C_GO_lfwg9lc2if,竞争对手类型,C_GOI_y2hssmkfae,类型1,0
C_GO_lfwg9lc2if,竞争对手类型,C_GOI_wxzkbyqw9v,类型2,1
C_GO_k2zwjw10tp,业态,C_GOI_pvr7t2hu7l,购物中心,0
C_GO_k2zwjw10tp,业态,C_GOI_vc8kj1kz32,超市,1
C_GO_k2zwjw10tp,业态,C_GOI_m7kxw1p5mh,食品,2
C_GO_k2zwjw10tp,业态,C_GOI_yur2muvd3p,医药,3
C_GO_k2zwjw10tp,业态,C_GOI_vnhwwo5zie,农业,4
C_GO_k2zwjw10tp,业态,C_GOI_msb8kbh7ij,餐饮,5
C_GO_k2zwjw10tp,业态,C_GOI_bdjlir4w12,酒店,6
C_GO_k2zwjw10tp,业态,C_GOI_j9pd8cs7bz,便利店,7
C_GO_k2zwjw10tp,业态,C_GOI_m5puc2qgb4,休闲娱乐,8
C_GO_k2zwjw10tp,业态,C_GOI_fwizabd29g,百货,9
C_GO_k2zwjw10tp,业态,C_GOI_pw32f6onx0,快印,10
C_GO_k2zwjw10tp,业态,C_GOI_dlktg0djzv,旅游,11
C_GO_k2zwjw10tp,业态,C_GOI_kks14r3s71,数码通信,12
C_GO_k2zwjw10tp,业态,C_GOI_nxqir0te5x,互联网,13
C_GO_k2zwjw10tp,业态,C_GOI_xn5grjin5f,汽车维护保养,14
C_GO_k2zwjw10tp,业态,C_GOI_tr9u1fzks9,服装,15
C_GO_k2zwjw10tp,业态,C_GOI_rwn6nq4ife,教育,16
C_GO_k2zwjw10tp,业态,C_GOI_mpaj84ofhs,健身,17
C_GO_k2zwjw10tp,业态,C_GOI_o2h9mymaqt,书店,18
C_GO_k2zwjw10tp,业态,C_GOI_n0tejolp8r,化妆品,19
C_GO_k2zwjw10tp,业态,C_GOI_f1fj2nyrdr,家居,20
C_GO_k2zwjw10tp,业态,C_GOI_m09c0urj76,母婴,21
C_GO_k2zwjw10tp,业态,C_GOI_pqea15augv,珠宝,22
C_GO_k2zwjw10tp,业态,C_GOI_uj79ndixvg,文具,23
C_GO_k2zwjw10tp,业态,C_GOI_zl5zxtlsog,美容,24
C_GO_k2zwjw10tp,业态,C_GOI_wche82wccl,乐园,25
C_GO_k2zwjw10tp,业态,C_GOI_p97jsnaaxn,电器,26
C_GO_k2zwjw10tp,业态,C_GOI_elmck9tw80,干洗店,27
C_GO_k2zwjw10tp,业态,C_GOI_cmr3sy301c,机场商业,28
C_GO_k2zwjw10tp,业态,C_GOI_f69cjc901f,物流,29
C_GO_k2zwjw10tp,业态,C_GOI_mf4ofv17ro,影院,30
C_GO_k2zwjw10tp,业态,C_GOI_mgc9myilbz,综合,31
C_GO_k2zwjw10tp,业态,C_GOI_lv237m7886,其他,32
C_GO_oa0ue38blv,客户类型,C_GOI_qhewv9aeli,合作伙伴,4
C_GO_oa0ue38blv,客户类型,C_GOI_j4mojaol5q,其他,5
C_GO_yaz85n6xn8,所在区域,C_GOI_q238zn99cx,西南,4
C_GO_yaz85n6xn8,所在区域,C_GOI_o9quixf41v,东北,5
C_GO_yaz85n6xn8,所在区域,C_GOI_wsf1cf233x,全国,6
GO_wechat_customer_type,企微-客户类型,GOI_1,微信,0
GO_wechat_customer_type,企微-客户类型,GOI_2,企微,1
GO_wechat_customer_type,企微-客户类型,GOI_3,其他,2
GO_wechat_gender,企微-性别,GOI_0,未知,0
GO_wechat_gender,企微-性别,GOI_1,男,1
GO_wechat_gender,企微-性别,GOI_2,女,2
GO_wechat_owner_relation,企微-好友关系,GOI_0,未添加,0
GO_wechat_owner_relation,企微-好友关系,GOI_1,已申请,1
GO_wechat_owner_relation,企微-好友关系,GOI_2,已添加,2
GO_wechat_owner_relation,企微-好友关系,GOI_3,已删除(客户主动删除),3
GO_wechat_owner_relation,企微-好友关系,GOI_4,已删除(员工主动删除),4
GO_wechat_add_way,企微-添加方式,GOI_0,未知,0
GO_wechat_add_way,企微-添加方式,GOI_1,扫描二维码,1
GO_wechat_add_way,企微-添加方式,GOI_2,搜索手机号,2
GO_wechat_add_way,企微-添加方式,GOI_3,名片分享,3
GO_wechat_add_way,企微-添加方式,GOI_4,群聊,4
GO_wechat_add_way,企微-添加方式,GOI_5,手机通讯录,5
GO_wechat_add_way,企微-添加方式,GOI_6,微信联系人,6
GO_wechat_add_way,企微-添加方式,GOI_7,安装第三方应用时自动添加的客服人员,7
GO_wechat_add_way,企微-添加方式,GOI_8,搜索邮箱,8
GO_wechat_add_way,企微-添加方式,GOI_10,视频号添加,9
GO_wechat_add_way,企微-添加方式,GOI_201,内部成员共享,10
GO_wechat_add_way,企微-添加方式,GOI_202,管理员/负责人分配,11
GO_wechat_takeover_status,企微-接替状态,GOI_0,接替中,0
GO_wechat_takeover_status,企微-接替状态,GOI_1,接替成功,1
GO_wechat_takeover_status,企微-接替状态,GOI_2,接替失败,2
GO_wechat_takeover_type,企微-接替类型,GOI_0,离职转接,0
GO_wechat_takeover_type,企微-接替类型,GOI_1,在职转接,1
GO_wechat_member_type,企微-群成员类型,GOI_1,企业成员,0
GO_wechat_member_type,企微-群成员类型,GOI_2,外部联系人,1
GO_wechat_join_type,企微-进群状态,GOI_0,未加群,0
GO_wechat_join_type,企微-进群状态,GOI_1,已加群,1
GO_wechat_join_type,企微-进群状态,GOI_2,已退群,2
GO_wechat_quit_scene,企微-退群方式,GOI_0,自己退群,0
GO_wechat_quit_scene,企微-退群方式,GOI_1,群主/群管理员移出,1
GO_wechat_join_scene,企微-入群方式,GOI_1,由成员邀请入群（直接邀请入群）,0
GO_wechat_join_scene,企微-入群方式,GOI_2,由成员邀请入群（邀请链接入群）,1
GO_wechat_join_scene,企微-入群方式,GOI_3,扫描二维码入群,2
C_GO_v83l1x0frp,商机分类,C_GOI_byzwivxqnt,新客新购,0
C_GO_v83l1x0frp,商机分类,C_GOI_dh82lin4tv,老客老购,1
C_GO_v83l1x0frp,商机分类,C_GOI_wwj3o931dw,老客新购,2
C_GO_v78mvritzy,客户于合作方向所属BU,C_GOI_tof4055501,零售BU,1
C_GO_v78mvritzy,客户于合作方向所属BU,C_GOI_wax91bd962,KA BU,2
C_GO_v78mvritzy,客户于合作方向所属BU,C_GOI_ylgtxa2gy1,智能互动BU,3
C_GO_v78mvritzy,客户于合作方向所属BU,C_GOI_irb7t2dlcf,传蔬BU,4
C_GO_v78mvritzy,客户于合作方向所属BU,C_GOI_nexixo5xaa,生态BU,5
C_GO_v78mvritzy,客户于合作方向所属BU,C_GOI_v3f8v7hiav,2.0商务合作,6
C_GO_v78mvritzy,客户于合作方向所属BU,C_GOI_akseug31mm,2.0收入,7
C_GO_ej5ae37ow6,测试二级,C_GOI_buk242gefm,行业内幕,0
C_GO_ej5ae37ow6,测试二级,C_GOI_yt4vclkzc6,精品解说,0
C_GO_ej5ae37ow6,测试二级,C_GOI_rzpxgt5mwz,行业规则,1
C_GO_ej5ae37ow6,测试二级,C_GOI_ykg1lib7d5,不可不谈,1
C_GO_ej5ae37ow6,测试二级,C_GOI_gu39z3ku4n,谈一下,0
C_GO_payment_stage,回款阶段,C_GOI_qma2ycsdd2,验收款,3
C_GO_payment_stage,回款阶段,C_GOI_first_payment,首付款,4
C_GO_yaz85n6xn8,所在区域,C_GOI_mlcs8xfsnq,西北,7
C_GO_xxulsgrspb,人工成本地区,C_GOI_b82hpapgs7,北京,0
C_GO_xxulsgrspb,人工成本地区,C_GOI_wosknnsrc2,杭州,1
C_GO_xxulsgrspb,人工成本地区,C_GOI_pxx7m25kkb,上海,2
C_GO_xxulsgrspb,人工成本地区,C_GOI_al6mg8pedu,武汉,3
C_GO_xxulsgrspb,人工成本地区,C_GOI_nxyc588zqw,武汉外包,4
C_GO_bbj7xdqyno,职能,C_GOI_ysg68vp34v,运维,0
C_GO_bbj7xdqyno,职能,C_GOI_ohwad8zj62,测试,1
C_GO_bbj7xdqyno,职能,C_GOI_nwisrr8fvs,产品,2
C_GO_bbj7xdqyno,职能,C_GOI_g8p9ep80b7,交付,3
C_GO_bbj7xdqyno,职能,C_GOI_dhbv7tcnzi,开发,4
C_GO_bbj7xdqyno,职能,C_GOI_o1hkhjglgz,客服,5
C_GO_bbj7xdqyno,职能,C_GOI_uleog9s9yt,运营,6
C_GO_bbj7xdqyno,职能,C_GOI_czy5np771y,解决方案,7
C_GO_bbj7xdqyno,职能,C_GOI_g4jjnmznjl,AI产品,8
C_GO_bbj7xdqyno,职能,C_GOI_gtehnaenbp,算法,9
C_GO_bbj7xdqyno,职能,C_GOI_pjos4vrq65,实习生,10
C_GO_tvxcnjmst2,级别,C_GOI_vobbkb6fm6,初级,0
C_GO_tvxcnjmst2,级别,C_GOI_wl9c1z1lv0,中级,1
C_GO_tvxcnjmst2,级别,C_GOI_vxuq7bawft,高级,2
C_GO_payment,支付方式,C_GOI_alipay,支付宝,0
C_GO_payment,支付方式,C_GOI_wechat,微信,1
C_GO_payment,支付方式,C_GOI_union_pay_qrcode,银联二维码,2
C_GO_invoice_type,发票类型,C_GOI_w63ort3v75,增值税专用发票,0
C_GO_invoice_type,发票类型,C_GOI_bzupn3s9i9,增值税普通发票,1
C_GO_oa0ue38blv,客户类型,C_GOI_p2p6okq9e8,供应商,6
C_GO_rfw1awze5d,人员规模,小于50人,小于50人,2
C_GO_xxulsgrspb,人工成本地区,C_GOI_tnd1uvq6t1,传蔬,5
C_GO_payment,支付方式,C_GOI_1,国中好货,3
C_GO_payment,支付方式,C_GOI_2,屈臣氏虚拟卡,4
C_GO_payment,支付方式,C_GOI_3,工行数字人民币-卡部,5
C_GO_payment,支付方式,C_GOI_4,建行龙支付,6
C_GO_payment,支付方式,C_GOI_5,紫金农商,7
C_GO_payment,支付方式,C_GOI_6,翼支付3.0,8
C_GO_payment,支付方式,C_GOI_7,银商资讯,9
C_GO_payment,支付方式,C_GOI_8,银联一码付,10
C_GO_payment,支付方式,C_GOI_9,万家积分,11
C_GO_payment,支付方式,C_GOI_10,乐刷间联,12
C_GO_payment,支付方式,C_GOI_11,农行间连,13
C_GO_payment,支付方式,C_GOI_12,华润银行,14
C_GO_i7vzclqtmc,关闭原因,0,功能不匹配,0
C_GO_i7vzclqtmc,关闭原因,1,多次未接通,1
C_GO_i7vzclqtmc,关闭原因,2,同行,2
C_GO_i7vzclqtmc,关闭原因,3,无需求,3
C_GO_i7vzclqtmc,关闭原因,4,信息错误,4
C_GO_i7vzclqtmc,关闭原因,5,空号,5
C_GO_i7vzclqtmc,关闭原因,6,其他,6
C_GO_i7vzclqtmc,关闭原因,7,管理员回收,7
C_GO_i7vzclqtmc,关闭原因,8,系统自动回收,8
C_GO_basnxay7jm,清单项线索来源,1,局领导交办,1
C_GO_basnxay7jm,清单项线索来源,2,省里转办,2
C_GO_basnxay7jm,清单项线索来源,3,省市重大活动对接,3
C_GO_basnxay7jm,清单项线索来源,4,部门,4
C_GO_basnxay7jm,清单项线索来源,5,区县,5
C_GO_basnxay7jm,清单项线索来源,6,商协会,6
C_GO_basnxay7jm,清单项线索来源,7,中介公司,7
C_GO_basnxay7jm,清单项线索来源,8,大院大所,8
C_GO_basnxay7jm,清单项线索来源,9,系统推送,9
C_GO_basnxay7jm,清单项线索来源,10,平台公司,10
C_GO_basnxay7jm,清单项线索来源,11,市领导交办,0
GO_pp0fm8e268,市领导交办,1,罗云峰,0
GO_pp0fm8e268,市领导交办,2,汪卫东,1
GO_pp0fm8e268,市领导交办,3,王文松,2
GO_pp0fm8e268,市领导交办,4,路军,3
GO_pp0fm8e268,市领导交办,5,张泉,4
GO_pp0fm8e268,市领导交办,6,刘卫宝,5
GO_pp0fm8e268,市领导交办,7,袁飞,6
GO_pp0fm8e268,市领导交办,8,王连贵,7
GO_pp0fm8e268,市领导交办,9,何逢阳,8
GO_pp0fm8e268,市领导交办,10,李命山,9
GO_pp0fm8e268,市领导交办,11,王海霞,10
GO_pp0fm8e268,市领导交办,12,罗平,11
GO_x3r0wrr4nm,局领导交办,1,钱文,0
GO_x3r0wrr4nm,局领导交办,2,陈文胜,1
GO_x3r0wrr4nm,局领导交办,3,李青山,2
GO_x3r0wrr4nm,局领导交办,4,韩洋,3
GO_xxr9jot9yw,部门,1,合肥市投促局,0
GO_xxr9jot9yw,部门,2,合肥市工信局,1
GO_xxr9jot9yw,部门,3,合肥市发改委,2
GO_xxr9jot9yw,部门,4,合肥市科技局,3
GO_xxr9jot9yw,部门,5,合肥市生态环境局,4
GO_xxr9jot9yw,部门,6,合肥市农业农村局,5
GO_xxr9jot9yw,部门,7,合肥市数据资源管理局,6
GO_xxr9jot9yw,部门,8,合肥市商务局,7
GO_xxr9jot9yw,部门,9,合肥市委宣传部,8
GO_xxr9jot9yw,部门,10,合肥市文化旅游局,9
GO_xxr9jot9yw,部门,11,合肥市司法局,10
GO_xxr9jot9yw,部门,12,合肥市人大常委会法工委,11
GO_xxr9jot9yw,部门,13,合肥市驻京办,12
GO_xxr9jot9yw,部门,14,合肥市驻深办,13
GO_xxr9jot9yw,部门,15,合肥市驻沪办,14
GO_xxr9jot9yw,部门,16,合肥市投资促进有限公司,15
GO_xxr9jot9yw,部门,17,合肥市人大办公室,16
GO_xxr9jot9yw,部门,18,合肥市委统战部,17
GO_xxr9jot9yw,部门,19,市属国资平台公司,18
GO_xxr9jot9yw,部门,20,合肥市总工会,19
GO_xxr9jot9yw,部门,21,合肥市委办公室,20
GO_xxr9jot9yw,部门,22,合肥市政府办公室,21
GO_xxr9jot9yw,部门,23,合肥市政协办公室,22
GO_xxr9jot9yw,部门,24,合肥市委台办,23
GO_xxr9jot9yw,部门,25,合肥市教育局,24
GO_xxr9jot9yw,部门,26,合肥市民政局,25
GO_xxr9jot9yw,部门,27,合肥市财政局,26
GO_xxr9jot9yw,部门,28,合肥市人力资源社会保障局,27
GO_xxr9jot9yw,部门,29,合肥市自然资源和规划局,28
GO_xxr9jot9yw,部门,30,合肥市交通运输局,29
GO_xxr9jot9yw,部门,31,合肥市卫生健康委,30
GO_xxr9jot9yw,部门,32,合肥市退役军人事务局,31
GO_xxr9jot9yw,部门,33,合肥市外办,32
GO_xxr9jot9yw,部门,34,合肥市国资委,33
GO_xxr9jot9yw,部门,35,合肥市市场监管局,34
GO_xxr9jot9yw,部门,36,合肥市体育局,35
GO_xxr9jot9yw,部门,37,合肥市林业园林局,36
GO_xxr9jot9yw,部门,38,合肥市医保局,37
GO_xxr9jot9yw,部门,39,合肥市住房保障和房产管理局,38
GO_xxr9jot9yw,部门,40,合肥市自贸委,39
GO_xxr9jot9yw,部门,41,合肥市合肥产业研究院,40
GO_xxr9jot9yw,部门,42,合肥市税务局,41
GO_xxr9jot9yw,部门,43,合肥市邮政管理局,42
GO_xxr9jot9yw,部门,44,合肥市团市委,43
GO_xxr9jot9yw,部门,45,合肥市侨联,44
GO_xxr9jot9yw,部门,46,合肥市工商联,45
GO_xxr9jot9yw,部门,47,合肥市城乡建设局,46
GO_xxr9jot9yw,部门,48,合肥市应急管理局,47
GO_xxr9jot9yw,部门,49,合肥市公共资源交易监管局,48
GO_xxr9jot9yw,部门,50,合肥市地方金融管理局,49
GO_xxr9jot9yw,部门,51,合肥市妇联,50
GO_xxr9jot9yw,部门,52,合肥市对外经济交流中心,51
GO_lj6yuzm722,区县,1,安巢经开区,0
GO_lj6yuzm722,区县,2,巢湖市,1
GO_lj6yuzm722,区县,3,庐江县,2
GO_lj6yuzm722,区县,4,长丰县,3
GO_lj6yuzm722,区县,5,肥西县,4
GO_lj6yuzm722,区县,6,肥东县,5
GO_lj6yuzm722,区县,7,蜀山区,6
GO_lj6yuzm722,区县,8,瑶海区,7
GO_lj6yuzm722,区县,9,包河区,8
GO_lj6yuzm722,区县,10,庐阳区,9
GO_lj6yuzm722,区县,11,新站高新区,10
GO_lj6yuzm722,区县,12,经开区,11
GO_lj6yuzm722,区县,13,高新区,12
GO_r7ckmb08em,平台公司,1,产投,0
GO_r7ckmb08em,平台公司,2,建投,1
GO_r7ckmb08em,平台公司,3,兴泰,2
GO_r7ckmb08em,平台公司,4,滨投,3
GO_r7ckmb08em,平台公司,5,科大硅谷,4
GO_r7ckmb08em,平台公司,6,文博集团,5
GO_n0alzwx3fe,所属产业,1,新能源及智能网联汽车,0
GO_n0alzwx3fe,所属产业,2,新一代信息技术-集成电路,1
GO_n0alzwx3fe,所属产业,3,新一代信息技术-智能机器人,2
GO_n0alzwx3fe,所属产业,5,新一代信息技术-新型显示,3
GO_n0alzwx3fe,所属产业,6,新一代信息技术-智能城市,4
GO_n0alzwx3fe,所属产业,8,智能家电（居）,7
GO_n0alzwx3fe,所属产业,9,先进光伏及新型储能,8
GO_n0alzwx3fe,所属产业,10,生物医药,9
GO_n0alzwx3fe,所属产业,11,高端装备及新材料-新材料,10
GO_n0alzwx3fe,所属产业,12,高端装备及新材料-高端装备,11
GO_n0alzwx3fe,所属产业,14,量子信息与仪器,13
GO_n0alzwx3fe,所属产业,15,空天技术-空天信息与商业航天,14
GO_n0alzwx3fe,所属产业,16,空天技术-低空经济,15
GO_n0alzwx3fe,所属产业,17,聚变能源,16
GO_n0alzwx3fe,所属产业,19,生物制造,17
GO_n0alzwx3fe,所属产业,21,绿色食品及现代种业（现代农业和农产品加工）,18
GO_f6pl998g8w,投资方来源地,GOI_x1z5m3t37b,北京市-北京市,0
GO_f6pl998g8w,投资方来源地,GOI_nn0no0dzr4,天津市-天津市,1
GO_f6pl998g8w,投资方来源地,GOI_ayip5by0dq,河北省-石家庄市,2
GO_f6pl998g8w,投资方来源地,GOI_d94377w63o,河北省-唐山市,3
GO_f6pl998g8w,投资方来源地,GOI_vt9zep3lkt,河北省-秦皇岛市,4
GO_f6pl998g8w,投资方来源地,GOI_mv5nyvi3cq,河北省-邯郸市,5
GO_f6pl998g8w,投资方来源地,GOI_e7lb0p8568,河北省-邢台市,6
GO_f6pl998g8w,投资方来源地,GOI_dx4pkxc1fa,河北省-保定市,7
GO_f6pl998g8w,投资方来源地,GOI_r7qr6p4p21,河北省-张家口市,8
GO_f6pl998g8w,投资方来源地,GOI_yl2xnvjfwp,河北省-承德市,9
GO_f6pl998g8w,投资方来源地,GOI_jwdc9o7liw,河北省-沧州市,10
GO_f6pl998g8w,投资方来源地,GOI_hfq9s813t3,河北省-廊坊市,11
GO_f6pl998g8w,投资方来源地,GOI_omvlumx4pn,河北省-衡水市,12
GO_f6pl998g8w,投资方来源地,GOI_v4ty48e4ao,山西省-太原市,13
GO_f6pl998g8w,投资方来源地,GOI_iez491x5j7,山西省-大同市,14
GO_f6pl998g8w,投资方来源地,GOI_fybsbmysz2,山西省-阳泉市,15
GO_f6pl998g8w,投资方来源地,GOI_ihqcox3lm2,山西省-长治市,16
GO_f6pl998g8w,投资方来源地,GOI_uku8467vhy,山西省-晋城市,17
GO_f6pl998g8w,投资方来源地,GOI_i6i9wg34d1,山西省-朔州市,18
GO_f6pl998g8w,投资方来源地,GOI_tea8q4z3f7,山西省-晋中市,19
GO_f6pl998g8w,投资方来源地,GOI_h23hbbflal,山西省-运城市,20
GO_f6pl998g8w,投资方来源地,GOI_yhma42wgq4,山西省-忻州市,21
GO_f6pl998g8w,投资方来源地,GOI_oveveufc26,山西省-临汾市,22
GO_f6pl998g8w,投资方来源地,GOI_wcoxjgmngb,山西省-吕梁市,23
GO_f6pl998g8w,投资方来源地,GOI_twhp9yhxl7,内蒙古自治区-呼和浩特市,24
GO_f6pl998g8w,投资方来源地,GOI_j85t8dtrlj,内蒙古自治区-包头市,25
GO_f6pl998g8w,投资方来源地,GOI_jbjemjwp6a,内蒙古自治区-乌海市,26
GO_f6pl998g8w,投资方来源地,GOI_anjd3pmbai,内蒙古自治区-赤峰市,27
GO_f6pl998g8w,投资方来源地,GOI_pmgland69j,内蒙古自治区-通辽市,28
GO_f6pl998g8w,投资方来源地,GOI_mr3jpdnxtb,内蒙古自治区-鄂尔多斯市,29
GO_f6pl998g8w,投资方来源地,GOI_dlwk56wv1q,内蒙古自治区-呼伦贝尔市,30
GO_f6pl998g8w,投资方来源地,GOI_xoaiavuhi8,内蒙古自治区-巴彦淖尔市,31
GO_f6pl998g8w,投资方来源地,GOI_glk4yd4q2p,内蒙古自治区-乌兰察布市,32
GO_f6pl998g8w,投资方来源地,GOI_u94f3v6xas,内蒙古自治区-兴安盟,33
GO_f6pl998g8w,投资方来源地,GOI_h80srlycno,内蒙古自治区-锡林郭勒盟,34
GO_f6pl998g8w,投资方来源地,GOI_bll11g9x6y,内蒙古自治区-阿拉善盟,35
GO_f6pl998g8w,投资方来源地,GOI_x5cwv5uib9,辽宁省-沈阳市,36
GO_f6pl998g8w,投资方来源地,GOI_fonmkq3qcu,辽宁省-大连市,37
GO_f6pl998g8w,投资方来源地,GOI_abqv6ros1f,辽宁省-鞍山市,38
GO_f6pl998g8w,投资方来源地,GOI_zqbt22pjkz,辽宁省-抚顺市,39
GO_f6pl998g8w,投资方来源地,GOI_x4mjqvrgw4,辽宁省-本溪市,40
GO_f6pl998g8w,投资方来源地,GOI_t27i0vp7z3,辽宁省-丹东市,41
GO_f6pl998g8w,投资方来源地,GOI_clergj1tcj,辽宁省-锦州市,42
GO_f6pl998g8w,投资方来源地,GOI_cjoohfftoc,辽宁省-营口市,43
GO_f6pl998g8w,投资方来源地,GOI_snau3103es,辽宁省-阜新市,44
GO_f6pl998g8w,投资方来源地,GOI_kq9wq55llx,辽宁省-辽阳市,45
GO_f6pl998g8w,投资方来源地,GOI_vmuctqgnu4,辽宁省-盘锦市,46
GO_f6pl998g8w,投资方来源地,GOI_jnrud7ifut,辽宁省-铁岭市,47
GO_f6pl998g8w,投资方来源地,GOI_qbpdjrwzag,辽宁省-朝阳市,48
GO_f6pl998g8w,投资方来源地,GOI_f537jxh5aa,辽宁省-葫芦岛市,49
GO_f6pl998g8w,投资方来源地,GOI_ghilyx9y4v,吉林省-长春市,50
GO_f6pl998g8w,投资方来源地,GOI_ftk6rdqt84,吉林省-吉林市,51
GO_f6pl998g8w,投资方来源地,GOI_i5qex6jwdh,吉林省-四平市,52
GO_f6pl998g8w,投资方来源地,GOI_jyvxq5y1zp,吉林省-辽源市,53
GO_f6pl998g8w,投资方来源地,GOI_dqwhy1sa2d,吉林省-通化市,54
GO_f6pl998g8w,投资方来源地,GOI_o5xpk759xy,吉林省-白山市,55
GO_f6pl998g8w,投资方来源地,GOI_n3qdys2p54,吉林省-松原市,56
GO_f6pl998g8w,投资方来源地,GOI_yrs8946mxq,吉林省-白城市,57
GO_f6pl998g8w,投资方来源地,GOI_z9jz1g6gdd,吉林省-延边朝鲜族自治州,58
GO_f6pl998g8w,投资方来源地,GOI_k0vvvb7tn6,黑龙江省-哈尔滨市,59
GO_f6pl998g8w,投资方来源地,GOI_qh4mba8fnj,黑龙江省-齐齐哈尔市,60
GO_f6pl998g8w,投资方来源地,GOI_i4wcqw54f0,黑龙江省-鸡西市,61
GO_f6pl998g8w,投资方来源地,GOI_y6dfiyxexa,黑龙江省-鹤岗市,62
GO_f6pl998g8w,投资方来源地,GOI_pt1dzwmw7k,黑龙江省-双鸭山市,63
GO_f6pl998g8w,投资方来源地,GOI_wnvckhfyra,黑龙江省-大庆市,64
GO_f6pl998g8w,投资方来源地,GOI_bkft4ktx4v,黑龙江省-伊春市,65
GO_f6pl998g8w,投资方来源地,GOI_u0ifggzgcp,黑龙江省-佳木斯市,66
GO_f6pl998g8w,投资方来源地,GOI_ochl2dflvo,黑龙江省-七台河市,67
GO_f6pl998g8w,投资方来源地,GOI_lhhsgi4w4r,黑龙江省-牡丹江市,68
GO_f6pl998g8w,投资方来源地,GOI_sq2kfqcuw7,黑龙江省-黑河市,69
GO_f6pl998g8w,投资方来源地,GOI_sm336bnv16,黑龙江省-绥化市,70
GO_f6pl998g8w,投资方来源地,GOI_jmwu7q6tl1,黑龙江省-大兴安岭地区,71
GO_f6pl998g8w,投资方来源地,GOI_gwauyb635v,上海市-上海市,72
GO_f6pl998g8w,投资方来源地,GOI_ozht0p34ts,江苏省-南京市,73
GO_f6pl998g8w,投资方来源地,GOI_utl3beciir,江苏省-无锡市,74
GO_f6pl998g8w,投资方来源地,GOI_yytfnz3c52,江苏省-徐州市,75
GO_f6pl998g8w,投资方来源地,GOI_szm4nzke2d,江苏省-常州市,76
GO_f6pl998g8w,投资方来源地,GOI_a9r1u4qwxd,江苏省-苏州市,77
GO_f6pl998g8w,投资方来源地,GOI_ywenxsf30i,江苏省-南通市,78
GO_f6pl998g8w,投资方来源地,GOI_w2g8o512bp,江苏省-连云港市,79
GO_f6pl998g8w,投资方来源地,GOI_io0rp5h3ap,江苏省-淮安市,80
GO_f6pl998g8w,投资方来源地,GOI_hqv2w33pdg,江苏省-盐城市,81
GO_f6pl998g8w,投资方来源地,GOI_czrvmmwkhe,江苏省-扬州市,82
GO_f6pl998g8w,投资方来源地,GOI_evg4ibqt7r,江苏省-镇江市,83
GO_f6pl998g8w,投资方来源地,GOI_lsur8tyq7l,江苏省-泰州市,84
GO_f6pl998g8w,投资方来源地,GOI_vjh7plarmu,江苏省-宿迁市,85
GO_f6pl998g8w,投资方来源地,GOI_m8pq7hxhfn,浙江省-杭州市,86
GO_f6pl998g8w,投资方来源地,GOI_px5llljluz,浙江省-宁波市,87
GO_f6pl998g8w,投资方来源地,GOI_herx7xnwua,浙江省-温州市,88
GO_f6pl998g8w,投资方来源地,GOI_qaxfiz9wwc,浙江省-嘉兴市,89
GO_f6pl998g8w,投资方来源地,GOI_td8tddif0u,浙江省-湖州市,90
GO_f6pl998g8w,投资方来源地,GOI_p8vs7dv06d,浙江省-绍兴市,91
GO_f6pl998g8w,投资方来源地,GOI_xfqpgwfnpn,浙江省-金华市,92
GO_f6pl998g8w,投资方来源地,GOI_wcbdq7zxud,浙江省-衢州市,93
GO_f6pl998g8w,投资方来源地,GOI_i3lgyqi2ei,浙江省-舟山市,94
GO_f6pl998g8w,投资方来源地,GOI_m9fyzej4h1,浙江省-台州市,95
GO_f6pl998g8w,投资方来源地,GOI_v163hr8epx,浙江省-丽水市,96
GO_f6pl998g8w,投资方来源地,GOI_mc99piq77k,安徽省-合肥市,97
GO_f6pl998g8w,投资方来源地,GOI_rbk451fhf0,安徽省-芜湖市,98
GO_f6pl998g8w,投资方来源地,GOI_lvraypt32g,安徽省-蚌埠市,99
GO_f6pl998g8w,投资方来源地,GOI_cbojw0xxdx,安徽省-淮南市,100
GO_f6pl998g8w,投资方来源地,GOI_fz70d105tt,安徽省-马鞍山市,101
GO_f6pl998g8w,投资方来源地,GOI_ihaicxw31p,安徽省-淮北市,102
GO_f6pl998g8w,投资方来源地,GOI_o7yhdycjdy,安徽省-铜陵市,103
GO_f6pl998g8w,投资方来源地,GOI_slv2kypx9g,安徽省-安庆市,104
GO_f6pl998g8w,投资方来源地,GOI_ub9ivhwm8p,安徽省-黄山市,105
GO_f6pl998g8w,投资方来源地,GOI_ryjhosk84g,安徽省-滁州市,106
GO_f6pl998g8w,投资方来源地,GOI_g21ud10sup,安徽省-阜阳市,107
GO_f6pl998g8w,投资方来源地,GOI_xc6awtb8o6,安徽省-宿州市,108
GO_f6pl998g8w,投资方来源地,GOI_wjatzldypw,安徽省-六安市,109
GO_f6pl998g8w,投资方来源地,GOI_uhamgfgpe8,安徽省-亳州市,110
GO_f6pl998g8w,投资方来源地,GOI_clo3jv1vol,安徽省-池州市,111
GO_f6pl998g8w,投资方来源地,GOI_kyzerfmsc8,安徽省-宣城市,112
GO_f6pl998g8w,投资方来源地,GOI_ke2zcqsmve,福建省-福州市,113
GO_f6pl998g8w,投资方来源地,GOI_sfu8mc0gyx,福建省-厦门市,114
GO_f6pl998g8w,投资方来源地,GOI_f1e3uyvjmr,福建省-莆田市,115
GO_f6pl998g8w,投资方来源地,GOI_mqm7hktk3c,福建省-三明市,116
GO_f6pl998g8w,投资方来源地,GOI_v48iyvgnj9,福建省-泉州市,117
GO_f6pl998g8w,投资方来源地,GOI_woii26yrof,福建省-漳州市,118
GO_f6pl998g8w,投资方来源地,GOI_zoibah1pko,福建省-南平市,119
GO_f6pl998g8w,投资方来源地,GOI_vz3uj8r96j,福建省-龙岩市,120
GO_f6pl998g8w,投资方来源地,GOI_puqcbobcaa,福建省-宁德市,121
GO_f6pl998g8w,投资方来源地,GOI_epmupollq8,江西省-南昌市,122
GO_f6pl998g8w,投资方来源地,GOI_mu9l3h1b5v,江西省-景德镇市,123
GO_f6pl998g8w,投资方来源地,GOI_sph0408q39,江西省-萍乡市,124
GO_f6pl998g8w,投资方来源地,GOI_ifszewskz3,江西省-九江市,125
GO_f6pl998g8w,投资方来源地,GOI_lbfof4ywt9,江西省-新余市,126
GO_f6pl998g8w,投资方来源地,GOI_wb22cqco93,江西省-鹰潭市,127
GO_f6pl998g8w,投资方来源地,GOI_yl53gsjqxr,江西省-赣州市,128
GO_f6pl998g8w,投资方来源地,GOI_dwemjyebm6,江西省-吉安市,129
GO_f6pl998g8w,投资方来源地,GOI_kr1ali0osk,江西省-宜春市,130
GO_f6pl998g8w,投资方来源地,GOI_auo32oec7y,江西省-抚州市,131
GO_f6pl998g8w,投资方来源地,GOI_m8wviggvdb,江西省-上饶市,132
GO_f6pl998g8w,投资方来源地,GOI_zk584gl404,山东省-济南市,133
GO_f6pl998g8w,投资方来源地,GOI_cvpbvyrxnx,山东省-青岛市,134
GO_f6pl998g8w,投资方来源地,GOI_pb1wreqbb6,山东省-淄博市,135
GO_f6pl998g8w,投资方来源地,GOI_hylzzrqk7w,山东省-枣庄市,136
GO_f6pl998g8w,投资方来源地,GOI_v1ayt8j44j,山东省-东营市,137
GO_f6pl998g8w,投资方来源地,GOI_s5stf76trr,山东省-烟台市,138
GO_f6pl998g8w,投资方来源地,GOI_fnl8skppdv,山东省-潍坊市,139
GO_f6pl998g8w,投资方来源地,GOI_xexjk2xi1t,山东省-济宁市,140
GO_f6pl998g8w,投资方来源地,GOI_qqkxbk61lu,山东省-泰安市,141
GO_f6pl998g8w,投资方来源地,GOI_eveezubyp4,山东省-威海市,142
GO_f6pl998g8w,投资方来源地,GOI_x2ugmamrgy,山东省-日照市,143
GO_f6pl998g8w,投资方来源地,GOI_b5djxx1l9s,山东省-临沂市,144
GO_f6pl998g8w,投资方来源地,GOI_ybo12srib1,山东省-德州市,145
GO_f6pl998g8w,投资方来源地,GOI_nytxu2c7qd,山东省-聊城市,146
GO_f6pl998g8w,投资方来源地,GOI_wzp61r20qt,山东省-滨州市,147
GO_f6pl998g8w,投资方来源地,GOI_o4yjrb4ma9,山东省-菏泽市,148
GO_f6pl998g8w,投资方来源地,GOI_f42io5bvv2,河南省-郑州市,149
GO_f6pl998g8w,投资方来源地,GOI_ygl9sccx9p,河南省-开封市,150
GO_f6pl998g8w,投资方来源地,GOI_z9dync6eu9,河南省-洛阳市,151
GO_f6pl998g8w,投资方来源地,GOI_bu1wypb44l,河南省-平顶山市,152
GO_f6pl998g8w,投资方来源地,GOI_t4iw2j56w9,河南省-安阳市,153
GO_f6pl998g8w,投资方来源地,GOI_x31bx7wlz7,河南省-鹤壁市,154
GO_f6pl998g8w,投资方来源地,GOI_dgpi41ky44,河南省-新乡市,155
GO_f6pl998g8w,投资方来源地,GOI_qgtlw3jtf7,河南省-焦作市,156
GO_f6pl998g8w,投资方来源地,GOI_n4arfh9c7m,河南省-濮阳市,157
GO_f6pl998g8w,投资方来源地,GOI_gk72k78djv,河南省-许昌市,158
GO_f6pl998g8w,投资方来源地,GOI_x0kwogjipc,河南省-漯河市,159
GO_f6pl998g8w,投资方来源地,GOI_pwcteipl1d,河南省-三门峡市,160
GO_f6pl998g8w,投资方来源地,GOI_nxjynkd2hk,河南省-南阳市,161
GO_f6pl998g8w,投资方来源地,GOI_ci582hgaj2,河南省-商丘市,162
GO_f6pl998g8w,投资方来源地,GOI_dmdik5nd0r,河南省-信阳市,163
GO_f6pl998g8w,投资方来源地,GOI_lkn7lggfmt,河南省-周口市,164
GO_f6pl998g8w,投资方来源地,GOI_pifblu917t,河南省-驻马店市,165
GO_f6pl998g8w,投资方来源地,GOI_b1la2cb129,湖北省-武汉市,166
GO_f6pl998g8w,投资方来源地,GOI_latg5u8ptu,湖北省-黄石市,167
GO_f6pl998g8w,投资方来源地,GOI_jg74fvjjw6,湖北省-十堰市,168
GO_f6pl998g8w,投资方来源地,GOI_defjrsv4mj,湖北省-宜昌市,169
GO_f6pl998g8w,投资方来源地,GOI_t0xs9hsjug,湖北省-襄阳市,170
GO_f6pl998g8w,投资方来源地,GOI_l6o9h76ckn,湖北省-鄂州市,171
GO_f6pl998g8w,投资方来源地,GOI_hmjk2w1vos,湖北省-荆门市,172
GO_f6pl998g8w,投资方来源地,GOI_qbg61cyk0p,湖北省-孝感市,173
GO_f6pl998g8w,投资方来源地,GOI_zoopdkswg0,湖北省-荆州市,174
GO_f6pl998g8w,投资方来源地,GOI_l0weiesut3,湖北省-黄冈市,175
GO_f6pl998g8w,投资方来源地,GOI_vmu56ayuoq,湖北省-咸宁市,176
GO_f6pl998g8w,投资方来源地,GOI_qaz1i1zvf8,湖北省-随州市,177
GO_f6pl998g8w,投资方来源地,GOI_f3pl7ypqjz,湖北省-恩施土家族苗族自治州,178
GO_f6pl998g8w,投资方来源地,GOI_ycq3w52f5f,湖南省-长沙市,179
GO_f6pl998g8w,投资方来源地,GOI_kflkwdzcmn,湖南省-株洲市,180
GO_f6pl998g8w,投资方来源地,GOI_xt5wp32juf,湖南省-湘潭市,181
GO_f6pl998g8w,投资方来源地,GOI_c3zymi8ujp,湖南省-衡阳市,182
GO_f6pl998g8w,投资方来源地,GOI_expw3nzmpi,湖南省-邵阳市,183
GO_f6pl998g8w,投资方来源地,GOI_bjbgt3ffot,湖南省-岳阳市,184
GO_f6pl998g8w,投资方来源地,GOI_fnj8ig6j0h,湖南省-常德市,185
GO_f6pl998g8w,投资方来源地,GOI_xou2q64l0f,湖南省-张家界市,186
GO_f6pl998g8w,投资方来源地,GOI_ra3uceeefv,湖南省-益阳市,187
GO_f6pl998g8w,投资方来源地,GOI_m8mn5nx25l,湖南省-郴州市,188
GO_f6pl998g8w,投资方来源地,GOI_k5o015oprc,湖南省-永州市,189
GO_f6pl998g8w,投资方来源地,GOI_xfbymnnp6h,湖南省-怀化市,190
GO_f6pl998g8w,投资方来源地,GOI_tu7inh4w90,湖南省-娄底市,191
GO_f6pl998g8w,投资方来源地,GOI_l0dfdmlxv0,湖南省-湘西土家族苗族自治州,192
GO_f6pl998g8w,投资方来源地,GOI_mmd0raztf4,广东省-广州市,193
GO_f6pl998g8w,投资方来源地,GOI_bjzpt2v2tx,广东省-韶关市,194
GO_f6pl998g8w,投资方来源地,GOI_r97c8zyrw1,广东省-深圳市,195
GO_f6pl998g8w,投资方来源地,GOI_n5myzgcor7,广东省-珠海市,196
GO_f6pl998g8w,投资方来源地,GOI_quyhodtrbv,广东省-汕头市,197
GO_f6pl998g8w,投资方来源地,GOI_lf9ib9z645,广东省-佛山市,198
GO_f6pl998g8w,投资方来源地,GOI_ho1s6vgwsi,广东省-江门市,199
GO_f6pl998g8w,投资方来源地,GOI_lqr1e2p83p,广东省-湛江市,200
GO_f6pl998g8w,投资方来源地,GOI_k33xsvwmrp,广东省-茂名市,201
GO_f6pl998g8w,投资方来源地,GOI_yvckfhcmz1,广东省-肇庆市,202
GO_f6pl998g8w,投资方来源地,GOI_ger5v3raf4,广东省-惠州市,203
GO_f6pl998g8w,投资方来源地,GOI_fvt6iocknn,广东省-梅州市,204
GO_f6pl998g8w,投资方来源地,GOI_rw8vnbf4cs,广东省-汕尾市,205
GO_f6pl998g8w,投资方来源地,GOI_ahejq7z42v,广东省-河源市,206
GO_f6pl998g8w,投资方来源地,GOI_zxkurfdrl8,广东省-阳江市,207
GO_f6pl998g8w,投资方来源地,GOI_kzd8glrf96,广东省-清远市,208
GO_f6pl998g8w,投资方来源地,GOI_mx7fc784nz,广东省-东莞市,209
GO_f6pl998g8w,投资方来源地,GOI_kga9zzyxg5,广东省-中山市,210
GO_f6pl998g8w,投资方来源地,GOI_by0o2fp8jg,广东省-潮州市,211
GO_f6pl998g8w,投资方来源地,GOI_fxcl6dv25k,广东省-揭阳市,212
GO_f6pl998g8w,投资方来源地,GOI_ula3fzfgrq,广东省-云浮市,213
GO_f6pl998g8w,投资方来源地,GOI_xrxvjubu2g,广西壮族自治区-南宁市,214
GO_f6pl998g8w,投资方来源地,GOI_efdmhb0ral,广西壮族自治区-柳州市,215
GO_f6pl998g8w,投资方来源地,GOI_ef40niqtjp,广西壮族自治区-桂林市,216
GO_f6pl998g8w,投资方来源地,GOI_cptuafd71m,广西壮族自治区-梧州市,217
GO_f6pl998g8w,投资方来源地,GOI_b6w2wl6fl6,广西壮族自治区-北海市,218
GO_f6pl998g8w,投资方来源地,GOI_oq0fd5tcit,广西壮族自治区-防城港市,219
GO_f6pl998g8w,投资方来源地,GOI_ssgq9rvwle,广西壮族自治区-钦州市,220
GO_f6pl998g8w,投资方来源地,GOI_erp915y0dy,广西壮族自治区-贵港市,221
GO_f6pl998g8w,投资方来源地,GOI_nyrveu3voq,广西壮族自治区-玉林市,222
GO_f6pl998g8w,投资方来源地,GOI_c71a8koev0,广西壮族自治区-百色市,223
GO_f6pl998g8w,投资方来源地,GOI_m2d8dad80o,广西壮族自治区-贺州市,224
GO_f6pl998g8w,投资方来源地,GOI_si2ncc8l8h,广西壮族自治区-河池市,225
GO_f6pl998g8w,投资方来源地,GOI_sa8wjpdc49,广西壮族自治区-来宾市,226
GO_f6pl998g8w,投资方来源地,GOI_khus0hbfsk,广西壮族自治区-崇左市,227
GO_f6pl998g8w,投资方来源地,GOI_ss3y1stwql,海南省-海口市,228
GO_f6pl998g8w,投资方来源地,GOI_iydzxx38lb,海南省-三亚市,229
GO_f6pl998g8w,投资方来源地,GOI_urkkwa3vuj,海南省-三沙市,230
GO_f6pl998g8w,投资方来源地,GOI_s1mc1ow0sd,海南省-儋州市,231
GO_f6pl998g8w,投资方来源地,GOI_p18p1i9glr,重庆市-重庆市,232
GO_f6pl998g8w,投资方来源地,GOI_j8y9oi4kyj,四川省-成都市,233
GO_f6pl998g8w,投资方来源地,GOI_iow2oqaacb,四川省-自贡市,234
GO_f6pl998g8w,投资方来源地,GOI_i2htl8mi37,四川省-攀枝花市,235
GO_f6pl998g8w,投资方来源地,GOI_l08a5zcvb7,四川省-泸州市,236
GO_f6pl998g8w,投资方来源地,GOI_wqi3hgcsdn,四川省-德阳市,237
GO_f6pl998g8w,投资方来源地,GOI_lzuxbpe6gm,四川省-绵阳市,238
GO_f6pl998g8w,投资方来源地,GOI_lwop0n4bj2,四川省-广元市,239
GO_f6pl998g8w,投资方来源地,GOI_crsvbb50lg,四川省-遂宁市,240
GO_f6pl998g8w,投资方来源地,GOI_ogkzj2za8m,四川省-内江市,241
GO_f6pl998g8w,投资方来源地,GOI_jidn56pdeh,四川省-乐山市,242
GO_f6pl998g8w,投资方来源地,GOI_t5sicy7ulx,四川省-南充市,243
GO_f6pl998g8w,投资方来源地,GOI_va5rvkihkk,四川省-眉山市,244
GO_f6pl998g8w,投资方来源地,GOI_q9p4ufek38,四川省-宜宾市,245
GO_f6pl998g8w,投资方来源地,GOI_vz7zjzeu5c,四川省-广安市,246
GO_f6pl998g8w,投资方来源地,GOI_trn8x3yis4,四川省-达州市,247
GO_f6pl998g8w,投资方来源地,GOI_wxvl18rb92,四川省-雅安市,248
GO_f6pl998g8w,投资方来源地,GOI_ugh2a21tar,四川省-巴中市,249
GO_f6pl998g8w,投资方来源地,GOI_hj35u4hgbx,四川省-资阳市,250
GO_f6pl998g8w,投资方来源地,GOI_v8swdea088,四川省-阿坝藏族羌族自治州,251
GO_f6pl998g8w,投资方来源地,GOI_ml68xlflop,四川省-甘孜藏族自治州,252
GO_f6pl998g8w,投资方来源地,GOI_r4bo82jya9,四川省-凉山彝族自治州,253
GO_f6pl998g8w,投资方来源地,GOI_c4zllipqzv,贵州省-贵阳市,254
GO_f6pl998g8w,投资方来源地,GOI_ahrp3bxlyh,贵州省-六盘水市,255
GO_f6pl998g8w,投资方来源地,GOI_edbjjqxaqq,贵州省-遵义市,256
GO_f6pl998g8w,投资方来源地,GOI_usz30ze6tb,贵州省-安顺市,257
GO_f6pl998g8w,投资方来源地,GOI_cffkmdtp2j,贵州省-毕节市,258
GO_f6pl998g8w,投资方来源地,GOI_ovrvw7cmw7,贵州省-铜仁市,259
GO_f6pl998g8w,投资方来源地,GOI_d6v9rg3l52,贵州省-黔西南布依族苗族自治州,260
GO_f6pl998g8w,投资方来源地,GOI_e1yxgjgt18,贵州省-黔东南苗族侗族自治州,261
GO_f6pl998g8w,投资方来源地,GOI_wvyw4eyt96,贵州省-黔南布依族苗族自治州,262
GO_f6pl998g8w,投资方来源地,GOI_cg8z90aksk,云南省-昆明市,263
GO_f6pl998g8w,投资方来源地,GOI_ql1qb3e6id,云南省-曲靖市,264
GO_f6pl998g8w,投资方来源地,GOI_t3pfe8t32r,云南省-玉溪市,265
GO_f6pl998g8w,投资方来源地,GOI_laisr166cs,云南省-保山市,266
GO_f6pl998g8w,投资方来源地,GOI_bbefiikran,云南省-昭通市,267
GO_f6pl998g8w,投资方来源地,GOI_z0pczq3vfy,云南省-丽江市,268
GO_f6pl998g8w,投资方来源地,GOI_qpftm5wk98,云南省-普洱市,269
GO_f6pl998g8w,投资方来源地,GOI_ntf1hmqtf7,云南省-临沧市,270
GO_f6pl998g8w,投资方来源地,GOI_cs2jp23uh1,云南省-楚雄彝族自治州,271
GO_f6pl998g8w,投资方来源地,GOI_miitw118gd,云南省-红河哈尼族彝族自治州,272
GO_f6pl998g8w,投资方来源地,GOI_fbrau4f88t,云南省-文山壮族苗族自治州,273
GO_f6pl998g8w,投资方来源地,GOI_as79syhbq6,云南省-西双版纳傣族自治州,274
GO_f6pl998g8w,投资方来源地,GOI_cve7mfezpi,云南省-大理白族自治州,275
GO_f6pl998g8w,投资方来源地,GOI_z31q7ydylf,云南省-德宏傣族景颇族自治州,276
GO_f6pl998g8w,投资方来源地,GOI_o10owi9rzh,云南省-怒江傈僳族自治州,277
GO_f6pl998g8w,投资方来源地,GOI_omp1gn57gg,云南省-迪庆藏族自治州,278
GO_f6pl998g8w,投资方来源地,GOI_pcmujv87cb,西藏自治区-拉萨市,279
GO_f6pl998g8w,投资方来源地,GOI_obrpfny9i3,西藏自治区-日喀则市,280
GO_f6pl998g8w,投资方来源地,GOI_n9h1y25ybu,西藏自治区-昌都市,281
GO_f6pl998g8w,投资方来源地,GOI_ssf1o6an5a,西藏自治区-林芝市,282
GO_f6pl998g8w,投资方来源地,GOI_xn4ef3oeij,西藏自治区-山南市,283
GO_f6pl998g8w,投资方来源地,GOI_z246pfncn7,西藏自治区-那曲市,284
GO_f6pl998g8w,投资方来源地,GOI_k655vabjjg,西藏自治区-阿里地区,285
GO_f6pl998g8w,投资方来源地,GOI_niw6bb11f4,陕西省-西安市,286
GO_f6pl998g8w,投资方来源地,GOI_mggppk1bz9,陕西省-铜川市,287
GO_f6pl998g8w,投资方来源地,GOI_lairgl1r6m,陕西省-宝鸡市,288
GO_f6pl998g8w,投资方来源地,GOI_lwesgs8eft,陕西省-咸阳市,289
GO_f6pl998g8w,投资方来源地,GOI_nq88hmsojg,陕西省-渭南市,290
GO_f6pl998g8w,投资方来源地,GOI_dif5t451aa,陕西省-延安市,291
GO_f6pl998g8w,投资方来源地,GOI_dum8ihobtd,陕西省-汉中市,292
GO_f6pl998g8w,投资方来源地,GOI_xbga8j8mkx,陕西省-榆林市,293
GO_f6pl998g8w,投资方来源地,GOI_b7bmhl922c,陕西省-安康市,294
GO_f6pl998g8w,投资方来源地,GOI_i0utmkuc6v,陕西省-商洛市,295
GO_f6pl998g8w,投资方来源地,GOI_olswnoief6,甘肃省-兰州市,296
GO_f6pl998g8w,投资方来源地,GOI_yxh1p2uflv,甘肃省-嘉峪关市,297
GO_f6pl998g8w,投资方来源地,GOI_nxaougcmi8,甘肃省-金昌市,298
GO_f6pl998g8w,投资方来源地,GOI_fcpzd5ddnz,甘肃省-白银市,299
GO_f6pl998g8w,投资方来源地,GOI_ztmekfue4s,甘肃省-天水市,300
GO_f6pl998g8w,投资方来源地,GOI_lijweoik6r,甘肃省-武威市,301
GO_f6pl998g8w,投资方来源地,GOI_xi4n5uwrjw,甘肃省-张掖市,302
GO_f6pl998g8w,投资方来源地,GOI_i5c4x8ij7j,甘肃省-平凉市,303
GO_f6pl998g8w,投资方来源地,GOI_g377y36kf4,甘肃省-酒泉市,304
GO_f6pl998g8w,投资方来源地,GOI_upvkbghzb6,甘肃省-庆阳市,305
GO_f6pl998g8w,投资方来源地,GOI_ev9osips2f,甘肃省-定西市,306
GO_f6pl998g8w,投资方来源地,GOI_vgozt2ez06,甘肃省-陇南市,307
GO_f6pl998g8w,投资方来源地,GOI_ikg06jvv9o,甘肃省-临夏回族自治州,308
GO_f6pl998g8w,投资方来源地,GOI_iealsoj2ba,甘肃省-甘南藏族自治州,309
GO_f6pl998g8w,投资方来源地,GOI_ywbar1173f,青海省-西宁市,310
GO_f6pl998g8w,投资方来源地,GOI_c83vnf4luo,青海省-海东市,311
GO_f6pl998g8w,投资方来源地,GOI_stivz59lbl,青海省-海北藏族自治州,312
GO_f6pl998g8w,投资方来源地,GOI_dk85o48aw9,青海省-黄南藏族自治州,313
GO_f6pl998g8w,投资方来源地,GOI_wu3cq5wyyf,青海省-海南藏族自治州,314
GO_f6pl998g8w,投资方来源地,GOI_yl20c8cxuo,青海省-果洛藏族自治州,315
GO_f6pl998g8w,投资方来源地,GOI_k8x64ix1ek,青海省-玉树藏族自治州,316
GO_f6pl998g8w,投资方来源地,GOI_z5wfnim13r,青海省-海西蒙古族藏族自治州,317
GO_f6pl998g8w,投资方来源地,GOI_rj00fnygfq,宁夏回族自治区-银川市,318
GO_f6pl998g8w,投资方来源地,GOI_tobcg3744t,宁夏回族自治区-石嘴山市,319
GO_f6pl998g8w,投资方来源地,GOI_oy5iw11vj2,宁夏回族自治区-吴忠市,320
GO_f6pl998g8w,投资方来源地,GOI_x5ak5bqpq9,宁夏回族自治区-固原市,321
GO_f6pl998g8w,投资方来源地,GOI_cfwos90ikd,宁夏回族自治区-中卫市,322
GO_f6pl998g8w,投资方来源地,GOI_fw0v2lsmtv,新疆维吾尔自治区-乌鲁木齐市,323
GO_f6pl998g8w,投资方来源地,GOI_vugo2vmyv9,新疆维吾尔自治区-克拉玛依市,324
GO_f6pl998g8w,投资方来源地,GOI_y3r1m3loct,新疆维吾尔自治区-吐鲁番市,325
GO_f6pl998g8w,投资方来源地,GOI_tjgfatkbss,新疆维吾尔自治区-哈密市,326
GO_f6pl998g8w,投资方来源地,GOI_l8j2m7uj1l,新疆维吾尔自治区-昌吉回族自治州,327
GO_f6pl998g8w,投资方来源地,GOI_hdzxi4q9mv,新疆维吾尔自治区-博尔塔拉蒙古自治州,328
GO_f6pl998g8w,投资方来源地,GOI_voqo7x3r7x,新疆维吾尔自治区-巴音郭楞蒙古自治州,329
GO_f6pl998g8w,投资方来源地,GOI_gdy0qd5ko9,新疆维吾尔自治区-阿克苏地区,330
GO_f6pl998g8w,投资方来源地,GOI_wiem48ik1x,新疆维吾尔自治区-克孜勒苏柯尔克孜自治州,331
GO_f6pl998g8w,投资方来源地,GOI_ydebdmgcs0,新疆维吾尔自治区-喀什地区,332
GO_f6pl998g8w,投资方来源地,GOI_y2yclm3wdj,新疆维吾尔自治区-和田地区,333
GO_f6pl998g8w,投资方来源地,GOI_di5gdjfkw2,新疆维吾尔自治区-伊犁哈萨克自治州,334
GO_f6pl998g8w,投资方来源地,GOI_iv1ecqb444,新疆维吾尔自治区-塔城地区,335
GO_f6pl998g8w,投资方来源地,GOI_n6ct1talga,新疆维吾尔自治区-阿勒泰地区,336
GO_f6pl998g8w,投资方来源地,GOI_fi5fuj6t3u,海外-阿富汗,337
GO_f6pl998g8w,投资方来源地,GOI_qao7zmqy8x,海外-阿尔巴尼亚,338
GO_f6pl998g8w,投资方来源地,GOI_mfl03kjknh,海外-南极洲,339
GO_f6pl998g8w,投资方来源地,GOI_dekkysh4dt,海外-阿尔及利亚,340
GO_f6pl998g8w,投资方来源地,GOI_nimww0anwm,海外-美属萨摩亚,341
GO_f6pl998g8w,投资方来源地,GOI_vpkbcuijwi,海外-安道尔,342
GO_f6pl998g8w,投资方来源地,GOI_hk7rmg63ut,海外-安哥拉,343
GO_f6pl998g8w,投资方来源地,GOI_xyeh44b6jr,海外-安提瓜和巴布达,344
GO_f6pl998g8w,投资方来源地,GOI_pq0i9q6fna,海外-阿塞拜疆,345
GO_f6pl998g8w,投资方来源地,GOI_gpy1bdi3y4,海外-阿根廷,346
GO_f6pl998g8w,投资方来源地,GOI_u6ovw9daze,海外-澳大利亚,347
GO_f6pl998g8w,投资方来源地,GOI_rqwylwt41i,海外-奥地利,348
GO_f6pl998g8w,投资方来源地,GOI_xux4w549e4,海外-巴哈马,349
GO_f6pl998g8w,投资方来源地,GOI_uxg90hmdb8,海外-巴林,350
GO_f6pl998g8w,投资方来源地,GOI_lse13s0i3p,海外-孟加拉,351
GO_f6pl998g8w,投资方来源地,GOI_kceasal2xy,海外-亚美尼亚,352
GO_f6pl998g8w,投资方来源地,GOI_g7jkx6fdfa,海外-巴巴多斯,353
GO_f6pl998g8w,投资方来源地,GOI_can4htv9xv,海外-比利时,354
GO_f6pl998g8w,投资方来源地,GOI_rktgexi03v,海外-百慕大,355
GO_f6pl998g8w,投资方来源地,GOI_pat1jb14qw,海外-不丹,356
GO_f6pl998g8w,投资方来源地,GOI_ggyo8x32eo,海外-玻利维亚,357
GO_f6pl998g8w,投资方来源地,GOI_mn11qu5u38,海外-波黑,358
GO_f6pl998g8w,投资方来源地,GOI_bxx3uwqpz3,海外-博茨瓦纳,359
GO_f6pl998g8w,投资方来源地,GOI_bsgie4fdgb,海外-布韦岛,360
GO_f6pl998g8w,投资方来源地,GOI_cca50v8sj2,海外-巴西,361
GO_f6pl998g8w,投资方来源地,GOI_k1ur9ijlqa,海外-伯利兹,362
GO_f6pl998g8w,投资方来源地,GOI_dkvzv8he08,海外-英属印度洋领地,363
GO_f6pl998g8w,投资方来源地,GOI_njph1405jy,海外-所罗门群岛,364
GO_f6pl998g8w,投资方来源地,GOI_s4dh21wuw0,海外-英属维尔京群岛,365
GO_f6pl998g8w,投资方来源地,GOI_b37o9s81mc,海外-文莱,366
GO_f6pl998g8w,投资方来源地,GOI_ojjmlqhpyj,海外-保加利亚,367
GO_f6pl998g8w,投资方来源地,GOI_w658bekyiv,海外-缅甸,368
GO_f6pl998g8w,投资方来源地,GOI_bhxxpgix6d,海外-布隆迪,369
GO_f6pl998g8w,投资方来源地,GOI_cye57e1zq1,海外-白俄罗斯,370
GO_f6pl998g8w,投资方来源地,GOI_zosuvw5ih2,海外-柬埔寨,371
GO_f6pl998g8w,投资方来源地,GOI_fdu6x5618r,海外-喀麦隆,372
GO_f6pl998g8w,投资方来源地,GOI_a3vi0pjkre,海外-加拿大,373
GO_f6pl998g8w,投资方来源地,GOI_wczurptcxb,海外-佛得角,374
GO_f6pl998g8w,投资方来源地,GOI_oqg7n1teph,海外-开曼群岛,375
GO_f6pl998g8w,投资方来源地,GOI_t9n383e1kz,海外-中非,376
GO_f6pl998g8w,投资方来源地,GOI_ec5eq22d8p,海外-斯里兰卡,377
GO_f6pl998g8w,投资方来源地,GOI_dm6nnx2lbg,海外-乍得,378
GO_f6pl998g8w,投资方来源地,GOI_gqpby9n2z1,海外-智利,379
GO_f6pl998g8w,投资方来源地,GOI_hsem1igl7s,海外-圣诞岛,380
GO_f6pl998g8w,投资方来源地,GOI_f6e7jy8otc,海外-科科斯群岛,381
GO_f6pl998g8w,投资方来源地,GOI_h7nom1ycce,海外-哥伦比亚,382
GO_f6pl998g8w,投资方来源地,GOI_tcmyz7swk3,海外-科摩罗,383
GO_f6pl998g8w,投资方来源地,GOI_f8h0blo5p7,海外-马约特,384
GO_f6pl998g8w,投资方来源地,GOI_bks7w3w0u8,海外-刚果（布）,385
GO_f6pl998g8w,投资方来源地,GOI_s9o37ym1aw,海外-刚果（金）,386
GO_f6pl998g8w,投资方来源地,GOI_svoemcwa8w,海外-库克群岛,387
GO_f6pl998g8w,投资方来源地,GOI_gu51y2qflh,海外-哥斯达黎加,388
GO_f6pl998g8w,投资方来源地,GOI_h4ohd4xkop,海外-克罗地亚,389
GO_f6pl998g8w,投资方来源地,GOI_kdwrw6msp0,海外-古巴,390
GO_f6pl998g8w,投资方来源地,GOI_z79lbspui9,海外-塞浦路斯,391
GO_f6pl998g8w,投资方来源地,GOI_gmw9g80n55,海外-捷克,392
GO_f6pl998g8w,投资方来源地,GOI_slgagb6f3f,海外-贝宁,393
GO_f6pl998g8w,投资方来源地,GOI_zt7f1qhzom,海外-丹麦,394
GO_f6pl998g8w,投资方来源地,GOI_jg1vpgwsle,海外-多米尼克,395
GO_f6pl998g8w,投资方来源地,GOI_usgbvauoyl,海外-多米尼加,396
GO_f6pl998g8w,投资方来源地,GOI_qd60a7jof3,海外-厄瓜多尔,397
GO_f6pl998g8w,投资方来源地,GOI_zgrxrkq4p6,海外-萨尔瓦多,398
GO_f6pl998g8w,投资方来源地,GOI_yiunymo2o5,海外-赤道几内亚,399
GO_f6pl998g8w,投资方来源地,GOI_jlkn8q2y3b,海外-埃塞俄比亚,400
GO_f6pl998g8w,投资方来源地,GOI_mqs5vc2r2k,海外-厄立特里亚,401
GO_f6pl998g8w,投资方来源地,GOI_laha2ljoh7,海外-爱沙尼亚,402
GO_f6pl998g8w,投资方来源地,GOI_zzkk7to084,海外-法罗群岛,403
GO_f6pl998g8w,投资方来源地,GOI_jqy4x4knd0,海外-马尔维纳斯群岛（ 福克兰）,404
GO_f6pl998g8w,投资方来源地,GOI_xbi43mqooj,海外-南乔治亚岛和南桑威奇群岛,405
GO_f6pl998g8w,投资方来源地,GOI_iuy2ftokgg,海外-斐济群岛,406
GO_f6pl998g8w,投资方来源地,GOI_q6rt7kdhqw,海外-芬兰,407
GO_f6pl998g8w,投资方来源地,GOI_naxefevz6a,海外-奥兰群岛,408
GO_f6pl998g8w,投资方来源地,GOI_gzz4b3e6vm,海外-法国,409
GO_f6pl998g8w,投资方来源地,GOI_iqqb8iukk9,海外-法属圭亚那,410
GO_f6pl998g8w,投资方来源地,GOI_sck4uamy3q,海外-法属波利尼西亚,411
GO_f6pl998g8w,投资方来源地,GOI_cvy59pm936,海外-法属南部领地,412
GO_f6pl998g8w,投资方来源地,GOI_onijrrp00k,海外-吉布提,413
GO_f6pl998g8w,投资方来源地,GOI_ikgsw7wdzd,海外-加蓬,414
GO_f6pl998g8w,投资方来源地,GOI_gte7v2hcsd,海外-格鲁吉亚,415
GO_f6pl998g8w,投资方来源地,GOI_bw7wh6kqan,海外-冈比亚,416
GO_f6pl998g8w,投资方来源地,GOI_xk5gf6wzc5,海外-巴勒斯坦,417
GO_f6pl998g8w,投资方来源地,GOI_mdkz2vfo49,海外-德国,418
GO_f6pl998g8w,投资方来源地,GOI_mtztdu5ux4,海外-加纳,419
GO_f6pl998g8w,投资方来源地,GOI_c2x4z49y34,海外-直布罗陀,420
GO_f6pl998g8w,投资方来源地,GOI_t3sya48mp7,海外-基里巴斯,421
GO_f6pl998g8w,投资方来源地,GOI_tirrfyb51y,海外-希腊,422
GO_f6pl998g8w,投资方来源地,GOI_hojd0zm4gs,海外-格陵兰,423
GO_f6pl998g8w,投资方来源地,GOI_w4r8fgifup,海外-格林纳达,424
GO_f6pl998g8w,投资方来源地,GOI_e8m54ztciy,海外-瓜德罗普,425
GO_f6pl998g8w,投资方来源地,GOI_kdl1nby6s6,海外-关岛,426
GO_f6pl998g8w,投资方来源地,GOI_uht34r2y3m,海外-危地马拉,427
GO_f6pl998g8w,投资方来源地,GOI_u6p8if5qmz,海外-几内亚,428
GO_f6pl998g8w,投资方来源地,GOI_ak4nxj7ukr,海外-圭亚那,429
GO_f6pl998g8w,投资方来源地,GOI_xrbtnpgh6e,海外-海地,430
GO_f6pl998g8w,投资方来源地,GOI_sdrt25wg4u,海外-赫德岛和麦克唐纳群岛,431
GO_f6pl998g8w,投资方来源地,GOI_vvgpo2xsvt,海外-梵蒂冈,432
GO_f6pl998g8w,投资方来源地,GOI_vd7qxbfop6,海外-洪都拉斯,433
GO_f6pl998g8w,投资方来源地,GOI_q2nvicy643,海外-匈牙利,434
GO_f6pl998g8w,投资方来源地,GOI_y5ox1m47jo,海外-冰岛,435
GO_f6pl998g8w,投资方来源地,GOI_gyhuzwhscs,海外-印度,436
GO_f6pl998g8w,投资方来源地,GOI_mkhl4ladnx,海外-印尼,437
GO_f6pl998g8w,投资方来源地,GOI_y2wwttlkip,海外-伊朗,438
GO_f6pl998g8w,投资方来源地,GOI_mizh8v1d3q,海外-伊拉克,439
GO_f6pl998g8w,投资方来源地,GOI_gzqu8ical6,海外-爱尔兰,440
GO_f6pl998g8w,投资方来源地,GOI_zx8l38yx9m,海外-以色列,441
GO_f6pl998g8w,投资方来源地,GOI_qyj9kkh5zf,海外-意大利,442
GO_f6pl998g8w,投资方来源地,GOI_pxzrae9j1j,海外-科特迪瓦,443
GO_f6pl998g8w,投资方来源地,GOI_r47qdaz7o3,海外-牙买加,444
GO_f6pl998g8w,投资方来源地,GOI_k0ewtf13kf,海外-日本,445
GO_f6pl998g8w,投资方来源地,GOI_wuwfg1yop2,海外-哈萨克斯坦,446
GO_f6pl998g8w,投资方来源地,GOI_v7egdeetr2,海外-约旦,447
GO_f6pl998g8w,投资方来源地,GOI_bq6dpp464o,海外-肯尼亚,448
GO_f6pl998g8w,投资方来源地,GOI_fxc5mohfzw,海外-朝鲜 北朝鲜,449
GO_f6pl998g8w,投资方来源地,GOI_he6q7enpon,海外-韩国,450
GO_f6pl998g8w,投资方来源地,GOI_rwn3pat5zy,海外-科威特,451
GO_f6pl998g8w,投资方来源地,GOI_ba3qca2728,海外-吉尔吉斯斯坦,452
GO_f6pl998g8w,投资方来源地,GOI_gidqztkdqm,海外-老挝,453
GO_f6pl998g8w,投资方来源地,GOI_y3zmdkczeb,海外-黎巴嫩,454
GO_f6pl998g8w,投资方来源地,GOI_d1w03s5lxp,海外-莱索托,455
GO_f6pl998g8w,投资方来源地,GOI_e66yza6m83,海外-拉脱维亚,456
GO_f6pl998g8w,投资方来源地,GOI_h1pfry8ud1,海外-利比里亚,457
GO_f6pl998g8w,投资方来源地,GOI_g03bte53pk,海外-利比亚,458
GO_f6pl998g8w,投资方来源地,GOI_dp67nchqc3,海外-列支敦士登,459
GO_f6pl998g8w,投资方来源地,GOI_zs9qzswtqj,海外-立陶宛,460
GO_f6pl998g8w,投资方来源地,GOI_ujeq19t9h3,海外-卢森堡,461
GO_f6pl998g8w,投资方来源地,GOI_qpuijtczra,海外-马达加斯加,462
GO_f6pl998g8w,投资方来源地,GOI_ly0fg2so3z,海外-马拉维,463
GO_f6pl998g8w,投资方来源地,GOI_vbf6293h17,海外-马来西亚,464
GO_f6pl998g8w,投资方来源地,GOI_zyxxunddko,海外-马尔代夫,465
GO_f6pl998g8w,投资方来源地,GOI_imfsunn8fh,海外-马里,466
GO_f6pl998g8w,投资方来源地,GOI_u2wky541l4,海外-马耳他,467
GO_f6pl998g8w,投资方来源地,GOI_m1t9t3s1qi,海外-马提尼克,468
GO_f6pl998g8w,投资方来源地,GOI_e87rg6g1fd,海外-毛里塔尼亚,469
GO_f6pl998g8w,投资方来源地,GOI_zbcuk4v3s3,海外-毛里求斯,470
GO_f6pl998g8w,投资方来源地,GOI_a51eugc5t5,海外-墨西哥,471
GO_f6pl998g8w,投资方来源地,GOI_ohok2ybce8,海外-摩纳哥,472
GO_f6pl998g8w,投资方来源地,GOI_pbeifoj159,海外-蒙古国,473
GO_f6pl998g8w,投资方来源地,GOI_q05fvaovwa,海外-摩尔多瓦,474
GO_f6pl998g8w,投资方来源地,GOI_ziig1wcue0,海外-黑山,475
GO_f6pl998g8w,投资方来源地,GOI_ef24u7qr8g,海外-蒙塞拉特岛,476
GO_f6pl998g8w,投资方来源地,GOI_vfzlilrad2,海外-摩洛哥,477
GO_f6pl998g8w,投资方来源地,GOI_qi2fyfyqz2,海外-莫桑比克,478
GO_f6pl998g8w,投资方来源地,GOI_nih6hct57z,海外-阿曼,479
GO_f6pl998g8w,投资方来源地,GOI_qn928fb6of,海外-纳米比亚,480
GO_f6pl998g8w,投资方来源地,GOI_uiq3ez032u,海外-瑙鲁,481
GO_f6pl998g8w,投资方来源地,GOI_wltwavy708,海外-尼泊尔,482
GO_f6pl998g8w,投资方来源地,GOI_jxmcqud9g6,海外-荷兰,483
GO_f6pl998g8w,投资方来源地,GOI_pwl2xljz5y,海外-阿鲁巴,484
GO_f6pl998g8w,投资方来源地,GOI_n36scfzg2h,海外-荷兰加勒比区,485
GO_f6pl998g8w,投资方来源地,GOI_yvj709yqtp,海外-新喀里多尼亚,486
GO_f6pl998g8w,投资方来源地,GOI_oqodhclckk,海外-瓦努阿图,487
GO_f6pl998g8w,投资方来源地,GOI_gnqbskdji4,海外-新西兰,488
GO_f6pl998g8w,投资方来源地,GOI_zc25nb0dyc,海外-尼加拉瓜,489
GO_f6pl998g8w,投资方来源地,GOI_p41z7i3usi,海外-尼日尔,490
GO_f6pl998g8w,投资方来源地,GOI_j72vk8a1ya,海外-尼日利亚,491
GO_f6pl998g8w,投资方来源地,GOI_ajp3sy4eee,海外-纽埃,492
GO_f6pl998g8w,投资方来源地,GOI_wrvpbgdibg,海外-诺福克岛,493
GO_f6pl998g8w,投资方来源地,GOI_glyyfqicb5,海外-挪威,494
GO_f6pl998g8w,投资方来源地,GOI_ky5km1ta0e,海外-北马里亚纳群岛,495
GO_f6pl998g8w,投资方来源地,GOI_ac6u7nt6zd,海外-美国本土外小岛屿,496
GO_f6pl998g8w,投资方来源地,GOI_skmhp24w3o,海外-密克罗尼西亚联邦,497
GO_f6pl998g8w,投资方来源地,GOI_vspuff68vh,海外-马绍尔群岛,498
GO_f6pl998g8w,投资方来源地,GOI_ylm3wrmmwl,海外-帕劳,499
GO_f6pl998g8w,投资方来源地,GOI_dzjt7ni4cp,海外-巴基斯坦,500
GO_f6pl998g8w,投资方来源地,GOI_v022lvg4ig,海外-巴拿马,501
GO_f6pl998g8w,投资方来源地,GOI_zqhse47imh,海外-巴布亚新几内亚,502
GO_f6pl998g8w,投资方来源地,GOI_nbd3gppu4d,海外-巴拉圭,503
GO_f6pl998g8w,投资方来源地,GOI_tl429ehyvj,海外-秘鲁,504
GO_f6pl998g8w,投资方来源地,GOI_av0j59dav0,海外-菲律宾,505
GO_f6pl998g8w,投资方来源地,GOI_cdpykrni0t,海外-皮特凯恩群岛,506
GO_f6pl998g8w,投资方来源地,GOI_fw5u3v87um,海外-波兰,507
GO_f6pl998g8w,投资方来源地,GOI_nj1b840i8p,海外-葡萄牙,508
GO_f6pl998g8w,投资方来源地,GOI_m7rxwusjxa,海外-几内亚比绍,509
GO_f6pl998g8w,投资方来源地,GOI_rfx35w7srm,海外-东帝汶,510
GO_f6pl998g8w,投资方来源地,GOI_o0alqvkvvh,海外-波多黎各,511
GO_f6pl998g8w,投资方来源地,GOI_qdlabkubdn,海外-卡塔尔,512
GO_f6pl998g8w,投资方来源地,GOI_w1g614sg2b,海外-留尼汪,513
GO_f6pl998g8w,投资方来源地,GOI_nh4xhtazb1,海外-罗马尼亚,514
GO_f6pl998g8w,投资方来源地,GOI_b3ly6au3xw,海外-俄罗斯,515
GO_f6pl998g8w,投资方来源地,GOI_vqdovi7m09,海外-卢旺达,516
GO_f6pl998g8w,投资方来源地,GOI_cj3edmgs63,海外-圣巴泰勒米岛,517
GO_f6pl998g8w,投资方来源地,GOI_o6k7uixvuv,海外-圣赫勒拿,518
GO_f6pl998g8w,投资方来源地,GOI_x8icfv4x1h,海外-圣基茨和尼维斯,519
GO_f6pl998g8w,投资方来源地,GOI_zovrlckze2,海外-安圭拉,520
GO_f6pl998g8w,投资方来源地,GOI_ubffkcn6qb,海外-圣卢西亚,521
GO_f6pl998g8w,投资方来源地,GOI_j5ol290muu,海外-法属圣马丁,522
GO_f6pl998g8w,投资方来源地,GOI_m9272gvnxa,海外-圣皮埃尔和密克隆,523
GO_f6pl998g8w,投资方来源地,GOI_x5zr21syr0,海外-圣文森特和格林纳丁斯,524
GO_f6pl998g8w,投资方来源地,GOI_gvboxo72uf,海外-圣马力诺,525
GO_f6pl998g8w,投资方来源地,GOI_igqx7vaeq8,海外-圣多美和普林西比,526
GO_f6pl998g8w,投资方来源地,GOI_zjvtx9igeq,海外-沙特阿拉伯,527
GO_f6pl998g8w,投资方来源地,GOI_xkxfefysbj,海外-塞内加尔,528
GO_f6pl998g8w,投资方来源地,GOI_ywvhxmvjfi,海外-塞尔维亚,529
GO_f6pl998g8w,投资方来源地,GOI_bssy552dz8,海外-塞舌尔,530
GO_f6pl998g8w,投资方来源地,GOI_r21m6bjv5t,海外-塞拉利昂,531
GO_f6pl998g8w,投资方来源地,GOI_ftwdi0tkn8,海外-新加坡,532
GO_f6pl998g8w,投资方来源地,GOI_bn0nesx9sm,海外-斯洛伐克,533
GO_f6pl998g8w,投资方来源地,GOI_p1kpdww9ki,海外-越南,534
GO_f6pl998g8w,投资方来源地,GOI_kpd8xjxwff,海外-斯洛文尼亚,535
GO_f6pl998g8w,投资方来源地,GOI_av1xzadobf,海外-索马里,536
GO_f6pl998g8w,投资方来源地,GOI_peudd2dhuk,海外-南非,537
GO_f6pl998g8w,投资方来源地,GOI_dg43gyoxqy,海外-津巴布韦,538
GO_f6pl998g8w,投资方来源地,GOI_rcjyfu3e4w,海外-西班牙,539
GO_f6pl998g8w,投资方来源地,GOI_dq36cjecb3,海外-南苏丹,540
GO_f6pl998g8w,投资方来源地,GOI_ppzm5qcbwe,海外-苏丹,541
GO_f6pl998g8w,投资方来源地,GOI_z5nwn4fwt1,海外-西撒哈拉,542
GO_f6pl998g8w,投资方来源地,GOI_mtuph73qdu,海外-苏里南,543
GO_f6pl998g8w,投资方来源地,GOI_zqoyfs58q0,海外-斯瓦尔巴群岛和 扬马延岛,544
GO_f6pl998g8w,投资方来源地,GOI_jfveg47szp,海外-斯威士兰,545
GO_f6pl998g8w,投资方来源地,GOI_kxmeyar9dk,海外-瑞典,546
GO_f6pl998g8w,投资方来源地,GOI_bf69kmolt8,海外-瑞士,547
GO_f6pl998g8w,投资方来源地,GOI_sjmeenka26,海外-叙利亚,548
GO_f6pl998g8w,投资方来源地,GOI_jq2q95a7kk,海外-塔吉克斯坦,549
GO_f6pl998g8w,投资方来源地,GOI_vfivfhfnlw,海外-泰国,550
GO_f6pl998g8w,投资方来源地,GOI_oytlf8unix,海外-多哥,551
GO_f6pl998g8w,投资方来源地,GOI_a2j2l20vsu,海外-托克劳,552
GO_f6pl998g8w,投资方来源地,GOI_hmbkrf5gfn,海外-汤加,553
GO_f6pl998g8w,投资方来源地,GOI_mdsbrlv2ne,海外-特立尼达和多巴哥,554
GO_f6pl998g8w,投资方来源地,GOI_ss5ucbwtcj,海外-阿联酋,555
GO_f6pl998g8w,投资方来源地,GOI_qculhe4ean,海外-突尼斯,556
GO_f6pl998g8w,投资方来源地,GOI_c8xjopujyz,海外-土耳其,557
GO_f6pl998g8w,投资方来源地,GOI_c9z52q2c17,海外-土库曼斯坦,558
GO_f6pl998g8w,投资方来源地,GOI_a7fbjnca2d,海外-特克斯和凯科斯群岛,559
GO_f6pl998g8w,投资方来源地,GOI_xg4scs6xnq,海外-图瓦卢,560
GO_f6pl998g8w,投资方来源地,GOI_rfpzvbpj0o,海外-乌干达,561
GO_f6pl998g8w,投资方来源地,GOI_fbcygntdsf,海外-乌克兰,562
GO_f6pl998g8w,投资方来源地,GOI_ou660fq11k,海外-马其顿,563
GO_f6pl998g8w,投资方来源地,GOI_y9anti3vdi,海外-埃及,564
GO_f6pl998g8w,投资方来源地,GOI_vyhu37ba1c,海外-英国,565
GO_f6pl998g8w,投资方来源地,GOI_fidt8etamr,海外-根西岛,566
GO_f6pl998g8w,投资方来源地,GOI_uhcpc6twu9,海外-泽西岛,567
GO_f6pl998g8w,投资方来源地,GOI_kn7l7u2f44,海外-马恩岛,568
GO_f6pl998g8w,投资方来源地,GOI_piasw40obh,海外-坦桑尼亚,569
GO_f6pl998g8w,投资方来源地,GOI_w22jq01xty,海外-美国,570
GO_f6pl998g8w,投资方来源地,GOI_eomy98lldr,海外-美属维尔京群岛,571
GO_f6pl998g8w,投资方来源地,GOI_et7uktzk2y,海外-布基纳法索,572
GO_f6pl998g8w,投资方来源地,GOI_xe7zs77h7k,海外-乌拉圭,573
GO_f6pl998g8w,投资方来源地,GOI_t12hxudq67,海外-乌兹别克斯坦,574
GO_f6pl998g8w,投资方来源地,GOI_y88mohzhhl,海外-委内瑞拉,575
GO_f6pl998g8w,投资方来源地,GOI_g3quctcuyr,海外-瓦利斯和富图纳,576
GO_f6pl998g8w,投资方来源地,GOI_ndmsb1r8ca,海外-萨摩亚,577
GO_f6pl998g8w,投资方来源地,GOI_jdploakwit,海外-也门,578
GO_f6pl998g8w,投资方来源地,GOI_tltipurjf9,海外-赞比亚,579
GO_f6pl998g8w,投资方来源地,GOI_ziby2ttnvk,海外-中东,580
GO_f6pl998g8w,投资方来源地,GOI_mu3erc7323,海外-非洲,581
GO_f6pl998g8w,投资方来源地,GOI_h7uq2vybh8,海外-其他,582
GO_nj3di3ncio,拟落户地,1,安巢经开区,0
GO_nj3di3ncio,拟落户地,2,巢湖市,1
GO_nj3di3ncio,拟落户地,3,庐江县,2
GO_nj3di3ncio,拟落户地,4,长丰县,3
GO_nj3di3ncio,拟落户地,5,肥西县,4
GO_nj3di3ncio,拟落户地,6,肥东县,5
GO_nj3di3ncio,拟落户地,7,蜀山区,6
GO_nj3di3ncio,拟落户地,8,瑶海区,7
GO_nj3di3ncio,拟落户地,9,包河区,8
GO_nj3di3ncio,拟落户地,10,庐阳区,9
GO_nj3di3ncio,拟落户地,11,新站高新区,10
GO_nj3di3ncio,拟落户地,12,经开区,11
GO_nj3di3ncio,拟落户地,13,高新区,12
C_GO_c59r9pk6yi,企业类型,1,世界500强,0
C_GO_c59r9pk6yi,企业类型,2,中国500强,1
C_GO_c59r9pk6yi,企业类型,3,央企,2
C_GO_c59r9pk6yi,企业类型,4,上市公司,3
C_GO_c59r9pk6yi,企业类型,5,国家专精特新小巨人,4
C_GO_c59r9pk6yi,企业类型,6,高新技术企业,6
C_GO_c59r9pk6yi,企业类型,7,独角兽,7
C_GO_c59r9pk6yi,企业类型,8,瞪羚企业,8
C_GO_c59r9pk6yi,企业类型,9,中国零售50强,9
C_GO_c59r9pk6yi,企业类型,10,省级专精特新中小企业,5
GO_s554pw27x9,优先级,0,高,0
GO_s554pw27x9,优先级,1,中,1
GO_s554pw27x9,优先级,2,低,2
GO_v1tduhwf4w,开始提醒设置,1,不提醒,0
GO_v1tduhwf4w,开始提醒设置,2,任务开始时,1
GO_v1tduhwf4w,开始提醒设置,3,任务开始5分钟前,2
GO_v1tduhwf4w,开始提醒设置,4,任务开始10分钟前,3
GO_v1tduhwf4w,开始提醒设置,5,任务开始15分钟前,4
GO_v1tduhwf4w,开始提醒设置,6,任务开始30分钟前,5
GO_v1tduhwf4w,开始提醒设置,7,任务开始1小时前,6
GO_v1tduhwf4w,开始提醒设置,8,任务开始2小时前,7
GO_v1tduhwf4w,开始提醒设置,9,任务开始1天前,8
GO_v1tduhwf4w,开始提醒设置,10,任务开始2天前,9
GO_v1tduhwf4w,开始提醒设置,11,指定日期,10
GO_kmbk9hn3fh,结束提醒设置,1,不提醒,0
GO_kmbk9hn3fh,结束提醒设置,2,任务结束时,1
GO_kmbk9hn3fh,结束提醒设置,3,任务结束5分钟前,2
GO_kmbk9hn3fh,结束提醒设置,4,任务结束10分钟前,3
GO_kmbk9hn3fh,结束提醒设置,5,任务结束15分钟前,4
GO_kmbk9hn3fh,结束提醒设置,6,任务结束30分钟前,5
GO_kmbk9hn3fh,结束提醒设置,7,任务结束1小时前,6
GO_kmbk9hn3fh,结束提醒设置,8,任务结束2小时前,7
GO_kmbk9hn3fh,结束提醒设置,9,任务结束1天前,8
GO_kmbk9hn3fh,结束提醒设置,10,任务结束2天前,9
GO_kmbk9hn3fh,结束提醒设置,11,指定日期,10
GO_mcshar1gwf,关联对象,0,项目,0
GO_mcshar1gwf,关联对象,1,线索,1
GO_xdjl9bgern,开始提醒设置(日程),1,不提醒,0
GO_xdjl9bgern,开始提醒设置(日程),2,日程发生时,1
GO_xdjl9bgern,开始提醒设置(日程),3,5分钟前,2
GO_xdjl9bgern,开始提醒设置(日程),4,10分钟前,3
GO_xdjl9bgern,开始提醒设置(日程),5,15分钟前,4
GO_xdjl9bgern,开始提醒设置(日程),6,30分钟前,5
GO_xdjl9bgern,开始提醒设置(日程),7,1小时前,6
GO_xdjl9bgern,开始提醒设置(日程),8,2小时前,7
GO_xdjl9bgern,开始提醒设置(日程),9,1天前,8
GO_xdjl9bgern,开始提醒设置(日程),10,2天前,9
GO_xdjl9bgern,开始提醒设置(日程),11,指定日期,10
GO_xck9b0eghx,完成状态,1,未完成,0
GO_xck9b0eghx,完成状态,2,已完成,1
GO_zw0e5his94,逾期状态,0,未逾期,0
GO_zw0e5his94,逾期状态,1,已逾期,1
GO_xck9b0eghx,完成状态,0,草稿,2
GO_vftrb9ybxg,标签,GOI_qpralrto7e,生产制造,0
GO_vftrb9ybxg,标签,GOI_c4vyhzsg6c,汽车制造,1
GO_k4rc1oei5a,项目阶段,1,接收项目,0
GO_k4rc1oei5a,项目阶段,2,项目研判,1
GO_k4rc1oei5a,项目阶段,3,项目在谈,2
GO_bd8p5ufzut,任务事项,0,普通任务,0
GO_bd8p5ufzut,任务事项,1,线索项目研判,1
GO_investment_area,投资区域,1,长三角地区,0
GO_investment_area,投资区域,2,珠三角地区,1
GO_investment_area,投资区域,3,环渤海地区,2
GO_investment_area,投资区域,4,中部地区,3
GO_investment_area,投资区域,5,西部地区,4
GO_investment_area,投资区域,6,东北地区,5
GO_investment_area,投资区域,7,京津冀地区,6
GO_investment_area,投资区域,8,港澳台地区,7
GO_investment_area,投资区域,9,国外,8
GO_investment_area,投资区域,10,其他地区,9
GO_project_labels,项目标签,1,总部项目,0
GO_project_labels,项目标签,2,制造基地,1
GO_project_labels,项目标签,3,研发中心,2
GO_project_labels,项目标签,4,销售中心,3
GO_project_labels,项目标签,5,供应链中心,4
GO_project_labels,项目标签,6,技改增资扩产,5
GO_project_labels,项目标签,7,临规项目,6
GO_project_labels,项目标签,8,腰部项目,7
GO_project_labels,项目标签,9,元宇宙项目,8
GO_project_labels,项目标签,10,光学项目,9
GO_project_labels,项目标签,11,创业团队项目,10
GO_project_labels,项目标签,12,其他,11
GO_investment_types,投资类型,1,新设,0
GO_investment_types,投资类型,2,增资,1
GO_investment_types,投资类型,3,并购,2
C_GO_pam3agrdw7,行业,1,工业,0
C_GO_pam3agrdw7,行业,2,农业,1
C_GO_pam3agrdw7,行业,3,生产性服务业,2
C_GO_pam3agrdw7,行业,4,生活性服务业,3
GO_industry_sector,行业领域,1,研发设计,0
GO_industry_sector,行业领域,2,工程服务,1
GO_industry_sector,行业领域,3,软件信息,2
GO_industry_sector,行业领域,4,现代物流,3
GO_industry_sector,行业领域,5,科创金融,4
GO_industry_sector,行业领域,6,检测认证,5
GO_industry_sector,行业领域,7,法律服务,6
GO_industry_sector,行业领域,8,会计审计,7
GO_industry_sector,行业领域,9,高端猎头,8
GO_industry_sector,行业领域,10,知识产权,9
GO_industry_sector,行业领域,11,贸易会展,10
GO_industry_sector,行业领域,12,创意文化（文旅）,11
GO_industry_sector,行业领域,13,商贸综合体,12
GO_promotion_types,推进形式,GOI_yltujurz7o,外出赴企业考察,0
GO_promotion_types,推进形式,GOI_pw5w4ngkub,来肥交流,1
GO_promotion_types,推进形式,GOI_z2y6li4q1f,电话沟通,2
GO_promotion_types,推进形式,GOI_qj8ejndsx8,线上会议,3
GO_k4rc1oei5a,项目阶段,99,项目成功签约,3
GO_k4rc1oei5a,项目阶段,98,项目终止,4
GO_belong_column,所属栏目,GOI_news,公司新闻,0
GO_belong_column,所属栏目,GOI_other,其他,1
GO_leads_public_pool,线索公海池,GOI_1,投促公司,0
GO_leads_public_pool,线索公海池,GOI_2,并购公海池,1
GO_leads_public_pool,线索公海池,GOI_3,投促局,2
GO_m4cebcs7jk,线索阶段,1,线索录入,0
GO_m4cebcs7jk,线索阶段,2,线索研判,1
GO_m4cebcs7jk,线索阶段,3,线索审核,2
GO_m4cebcs7jk,线索阶段,4,审核完成,3
GO_ei0goe8t06,研判意见,1,重点推进,0
GO_ei0goe8t06,研判意见,2,进一步推进,1
GO_ei0goe8t06,研判意见,3,保持推进,2
GO_ei0goe8t06,研判意见,4,不推进,3
GO_bd8p5ufzut,任务事项,2,投融资研判,2
GO_ztij5qyhuv,要素,1,资本,0
GO_ztij5qyhuv,要素,2,场景,1
GO_ztij5qyhuv,要素,3,场地,2
GO_ztij5qyhuv,要素,4,政策,3
GO_eejf545u6n,进度,1,对接,0
GO_eejf545u6n,进度,2,立项,1
GO_eejf545u6n,进度,3,尽调,2
GO_eejf545u6n,进度,4,投决,3
GO_eejf545u6n,进度,5,交割,4
GO_schedule_type,日程类型分类,GOI_1,日程,0
GO_schedule_type,日程类型分类,GOI_2,活动,1
GO_belong_industry,所属行业,1,新能源汽车,0
GO_belong_industry,所属行业,2,新一代信息技术,1
GO_belong_industry,所属行业,3,先进光伏及新型储能,2
GO_belong_industry,所属行业,4,生物医药,3
GO_belong_industry,所属行业,5,智能家电（居）,4
GO_belong_industry,所属行业,6,高端装备及新材料,5
GO_belong_industry,所属行业,7,量子信息,6
GO_belong_industry,所属行业,8,空天技术,7
GO_belong_industry,所属行业,9,聚变能源,8
GO_belong_industry,所属行业,10,下一代人工智能,9
GO_belong_industry,所属行业,11,合成生物,10
GO_belong_industry,所属行业,12,低空经济,11
GO_belong_industry,所属行业,13,生物制造,12
GO_belong_industry,所属行业,14,新型显示,13
GO_n8ji8cznv5,重要性,1,C,2
GO_n8ji8cznv5,重要性,2,B,1
GO_n8ji8cznv5,重要性,3,A,0
GO_n8ji8cznv5,重要性,4,D,3
C_GO_b00oy194er,客户来源,1,线索流转,0
C_GO_b00oy194er,客户来源,2,市局系统,1
C_GO_b00oy194er,客户来源,3,手动创建,2
GO__reason_termination,终止原因,GOI_1,经研判不符合规划,0
GO__reason_termination,终止原因,GOI_2,重复项目,1
GO__reason_termination,终止原因,GOI_3,已有在谈或签约项目,2
GO_m4cebcs7jk,线索阶段,99,转化,4
GO_m4cebcs7jk,线索阶段,98,终止,5
GO_visit_object,拜访对象,1,项目,0
GO_visit_object,拜访对象,2,线索,1
GO_visit_object,拜访对象,3,合作伙伴,2
GO_r_rounds,轮次字典值,25,已上市,21
GO_r_rounds,轮次字典值,1,种子轮,0
GO_r_rounds,轮次字典值,2,天使轮,1
GO_r_rounds,轮次字典值,3,Pre-A轮,2
GO_r_rounds,轮次字典值,4,A轮,3
GO_r_rounds,轮次字典值,5,A+轮,4
GO_r_rounds,轮次字典值,6,Pre-B轮,5
GO_r_rounds,轮次字典值,7,B轮,6
GO_r_rounds,轮次字典值,8,B+轮,7
GO_r_rounds,轮次字典值,9,Pre-C轮,8
GO_r_rounds,轮次字典值,10,C轮,9
GO_r_rounds,轮次字典值,11,C+轮,10
GO_r_rounds,轮次字典值,12,D轮,11
GO_r_rounds,轮次字典值,13,E轮,12
GO_r_rounds,轮次字典值,14,F轮,13
GO_r_rounds,轮次字典值,15,G轮,14
GO_r_rounds,轮次字典值,16,H轮,15
GO_r_rounds,轮次字典值,17,I轮,16
GO_r_rounds,轮次字典值,18,J轮,17
GO_r_rounds,轮次字典值,19,K轮,18
GO_r_rounds,轮次字典值,20,战略投资,19
GO_r_rounds,轮次字典值,24,Pre-IPO,20
GO_r_rounds,轮次字典值,27,并购,22
GO_r_rounds,轮次字典值,29,未融资,23
GO_r_rounds,轮次字典值,30,未知轮次,24
GO_r_rounds,轮次字典值,31,无需融资,25
GO_r_rounds,轮次字典值,32,已退市,26
GO_r_ref_industry,一级行业标签名称,435fb0d2643ef68f2a604723648593c7,教育,0
GO_r_ref_industry,亿欧一级行业标签名称,435fb0d2643ef68f2a604723648593c7,教育,0
GO_r_ref_industry,一级行业标签名称,f1b63cbaaf6787045773ccd594e2ef1c,人工智能,1
GO_r_ref_industry,亿欧一级行业标签名称,f1b63cbaaf6787045773ccd594e2ef1c,人工智能,1
GO_r_ref_industry,一级行业标签名称,819cfa9c9fb7eba41d7a920f1d559301,汽车出行,2
GO_r_ref_industry,亿欧一级行业标签名称,819cfa9c9fb7eba41d7a920f1d559301,汽车出行,2
GO_r_ref_industry,一级行业标签名称,f9182464a6118dc2427b4e8841be4e22,金融,3
GO_r_ref_industry,亿欧一级行业标签名称,f9182464a6118dc2427b4e8841be4e22,金融,3
GO_r_ref_industry,一级行业标签名称,203c1ae2338c6f81c5526e27aa2a62ad,企业服务,4
GO_r_ref_industry,亿欧一级行业标签名称,203c1ae2338c6f81c5526e27aa2a62ad,企业服务,4
GO_r_ref_industry,一级行业标签名称,56f5ebbfdc1ed5fe1e8b695b45d0e24c,社交,5
GO_r_ref_industry,亿欧一级行业标签名称,56f5ebbfdc1ed5fe1e8b695b45d0e24c,社交,5
GO_r_ref_industry,一级行业标签名称,b0146d62a6ae6a78c1a872b6b8ac1449,材料,6
GO_r_ref_industry,亿欧一级行业标签名称,b0146d62a6ae6a78c1a872b6b8ac1449,材料,6
GO_r_ref_industry,一级行业标签名称,14c06bde5040184a7ffca029fda952cb,节能环保,7
GO_r_ref_industry,亿欧一级行业标签名称,14c06bde5040184a7ffca029fda952cb,节能环保,7
GO_r_ref_industry,一级行业标签名称,47910e22a214e4523d710dc05fe1f5c7,农业,8
GO_r_ref_industry,亿欧一级行业标签名称,47910e22a214e4523d710dc05fe1f5c7,农业,8
GO_r_ref_industry,一级行业标签名称,566e8c496fb7be06f11738d2b1a55aa4,旅游,9
GO_r_ref_industry,亿欧一级行业标签名称,566e8c496fb7be06f11738d2b1a55aa4,旅游,9
GO_r_ref_industry,一级行业标签名称,83060dc624e51eee66ac8fe68180e833,硬件,10
GO_r_ref_industry,亿欧一级行业标签名称,83060dc624e51eee66ac8fe68180e833,硬件,10
GO_r_ref_industry,一级行业标签名称,982c12746072559080601730a392e9e6,文娱传媒,11
GO_r_ref_industry,亿欧一级行业标签名称,982c12746072559080601730a392e9e6,文娱传媒,11
GO_r_ref_industry,一级行业标签名称,47c2222f8235f3a35ff13ac59d88d03a,物流,12
GO_r_ref_industry,亿欧一级行业标签名称,47c2222f8235f3a35ff13ac59d88d03a,物流,12
GO_r_ref_industry,一级行业标签名称,84c9f013a1c155ad001e598ae551a517,消费生活,13
GO_r_ref_industry,亿欧一级行业标签名称,84c9f013a1c155ad001e598ae551a517,消费生活,13
GO_r_ref_industry,一级行业标签名称,3aaac8ea682a1d751f7b3c63d4afd877,医疗健康,14
GO_r_ref_industry,亿欧一级行业标签名称,3aaac8ea682a1d751f7b3c63d4afd877,医疗健康,14
GO_r_ref_industry,一级行业标签名称,6a96b9cd661d866aba8869da599cbced,房产建筑,15
GO_r_ref_industry,亿欧一级行业标签名称,6a96b9cd661d866aba8869da599cbced,房产建筑,15
GO_r_ref_industry,一级行业标签名称,8269376044ecbb14445875d957a50f33,电商零售,16
GO_r_ref_industry,亿欧一级行业标签名称,8269376044ecbb14445875d957a50f33,电商零售,16
GO_r_ref_industry,一级行业标签名称,e501767c460f143ef7e2727b7e42e91b,软件工具,17
GO_r_ref_industry,亿欧一级行业标签名称,e501767c460f143ef7e2727b7e42e91b,软件工具,17
GO_r_ref_industry,一级行业标签名称,edcf502d5f6580d5386d4c7bf063b2d2,生产制造,18
GO_r_ref_industry,亿欧一级行业标签名称,edcf502d5f6580d5386d4c7bf063b2d2,生产制造,18
GO_r_ref_industry,一级行业标签名称,f51efc568d96899c6f6c0253d56c983e,能源矿产,19
GO_r_ref_industry,亿欧一级行业标签名称,f51efc568d96899c6f6c0253d56c983e,能源矿产,19
GO_r_ref_industry,一级行业标签名称,c02ecfbf73f9c2196ffee06452651410,公共事业,20
GO_r_ref_industry,亿欧一级行业标签名称,c02ecfbf73f9c2196ffee06452651410,公共事业,20
GO_r_ref_industry,一级行业标签名称,2bbeda895f41811785ae0375754b3a05,新兴技术及应用,21
GO_r_ref_industry,亿欧一级行业标签名称,2bbeda895f41811785ae0375754b3a05,新兴技术及应用,21
GO_r_ref_industry,一级行业标签名称,6b73350819c7962a9b9ab76268cc7bbd,半导体,22
GO_r_ref_industry,亿欧一级行业标签名称,6b73350819c7962a9b9ab76268cc7bbd,半导体,22
GO_r_ref_industry,一级行业标签名称,1570f4f21567d4c8a1378273c1a7ef67,航空航天,23
GO_r_ref_industry,亿欧一级行业标签名称,1570f4f21567d4c8a1378273c1a7ef67,航空航天,23
GO_r_ref_industry,一级行业标签名称,f6b73f06dba040758ae66da94920b898,体育健身,24
GO_r_ref_industry,亿欧一级行业标签名称,f6b73f06dba040758ae66da94920b898,体育健身,24
GO_r_ref_industry,一级行业标签名称,52af4f27c552d27c67726882c143d453,出海全球化,25
GO_r_ref_industry,亿欧一级行业标签名称,52af4f27c552d27c67726882c143d453,出海全球化,25
GO_r_ref_currency,币种字典表,2,美元,2
GO_r_ref_currency,币种字典表,3,港元,3
GO_r_ref_currency,币种字典表,4,欧元,4
GO_r_ref_currency,币种字典表,5,日元,5
GO_r_ref_currency,币种字典表,6,英镑,6
GO_r_ref_currency,币种字典表,7,新加坡元,7
GO_r_ref_currency,币种字典表,8,加元,8
GO_r_ref_currency,币种字典表,9,卢比,9
GO_r_ref_currency,币种字典表,10,澳门元,10
GO_r_ref_currency,币种字典表,12,澳大利亚元,11
GO_r_ref_currency,币种字典表,13,瑞士法郎,12
GO_r_ref_currency,币种字典表,14,新西兰元,13
GO_r_ref_currency,币种字典表,15,韩元,14
GO_r_ref_currency,币种字典表,16,泰铢,15
GO_r_ref_currency,币种字典表,17,斐济元,16
GO_r_ref_currency,币种字典表,18,墨西哥比索,17
GO_r_ref_currency,币种字典表,19,圣多美和普林西比多布拉,18
GO_r_ref_currency,币种字典表,20,拉脱维亚拉特,19
GO_r_ref_currency,币种字典表,21,塞舌尔卢比,20
GO_r_ref_currency,币种字典表,22,刚果民主共和国刚果法郎,21
GO_r_ref_currency,币种字典表,23,巴巴多斯元,22
GO_r_ref_currency,币种字典表,24,伦皮拉,23
GO_r_ref_currency,币种字典表,25,乌干达先令,24
GO_r_ref_currency,币种字典表,26,墨西哥Unidad de Inversion (UDI)(资金)(基金),25
GO_r_ref_currency,币种字典表,27,南非兰特,26
GO_r_ref_currency,币种字典表,28,古巴可兑换比索,27
GO_r_ref_currency,币种字典表,29,巴哈马元,28
GO_r_ref_currency,币种字典表,30,新苏丹镑,29
GO_r_ref_currency,币种字典表,31,伊拉克第纳尔,30
GO_r_ref_currency,币种字典表,32,古巴比索,31
GO_r_ref_currency,币种字典表,33,法拉西,32
GO_r_ref_currency,币种字典表,34,特别提款权,33
GO_r_ref_currency,币种字典表,35,台湾元,34
GO_r_ref_currency,币种字典表,36,塞尔维亚第纳尔,35
GO_r_ref_currency,币种字典表,37,扎伊尔,36
GO_r_ref_currency,币种字典表,38,乌拉圭比索指数,37
GO_r_ref_currency,币种字典表,39,马来西亚林吉特,38
GO_r_ref_currency,币种字典表,40,福克兰镑,39
GO_r_ref_currency,币种字典表,41,非共体法郎,40
GO_r_ref_currency,币种字典表,42,乌拉圭比索,41
GO_r_ref_currency,币种字典表,43,佛得角埃斯库多,42
GO_r_ref_currency,币种字典表,44,阿曼里亚尔,43
GO_r_ref_currency,币种字典表,45,肯尼亚先令,44
GO_r_ref_currency,币种字典表,46,瑞典克朗,45
GO_r_ref_currency,币种字典表,47,不丹努尔特鲁姆,46
GO_r_ref_currency,币种字典表,48,几内亚法郎,47
GO_r_ref_currency,币种字典表,49,莫桑比克美提卡,48
GO_r_ref_currency,币种字典表,50,萨尔瓦多科朗,49
GO_r_ref_currency,币种字典表,51,阿根廷比索,50
GO_r_ref_currency,币种字典表,52,卡塔尔里亚尔,51
GO_r_ref_currency,币种字典表,53,伊朗里亚尔,52
GO_r_ref_currency,币种字典表,54,荷兰盾,53
GO_r_ref_currency,币种字典表,55,几内亚西里,54
GO_r_ref_currency,币种字典表,56,钯,55
GO_r_ref_currency,币种字典表,57,乌兹别克斯坦苏姆,56
GO_r_ref_currency,币种字典表,58,太平洋法郎(CFP法郎),57
GO_r_ref_currency,币种字典表,59,塔卡,58
GO_r_ref_currency,币种字典表,61,利比亚第纳尔,59
GO_r_ref_currency,币种字典表,62,科威特第纳尔,60
GO_r_ref_currency,币种字典表,63,铂,61
GO_r_ref_currency,币种字典表,64,俄罗斯卢布,62
GO_r_ref_currency,币种字典表,65,冰岛克朗,63
GO_r_ref_currency,币种字典表,66,比利时法郎,64
GO_r_ref_currency,币种字典表,67,马其顿第纳尔,65
GO_r_ref_currency,币种字典表,68,阿尔及利亚第纳尔,66
GO_r_ref_currency,币种字典表,69,巴拿马巴波亚,67
GO_r_ref_currency,币种字典表,70,吉尔吉斯斯坦索姆,68
GO_r_ref_currency,币种字典表,71,刚果中非共同体法郎,69
GO_r_ref_currency,币种字典表,72,银,70
GO_r_ref_currency,币种字典表,73,奥地利先令,71
GO_r_ref_currency,币种字典表,75,克罗地亚库纳,72
GO_r_ref_currency,币种字典表,76,意大利里拉,73
GO_r_ref_currency,币种字典表,77,瑞士经济圈合作社欧元,74
GO_r_ref_currency,币种字典表,78,吉布提法郎,75
GO_r_ref_currency,币种字典表,79,坦桑尼亚先令,76
GO_r_ref_currency,币种字典表,80,越南盾,77
GO_r_ref_currency,币种字典表,81,金,78
GO_r_ref_currency,币种字典表,82,澳元,79
GO_r_ref_currency,币种字典表,83,瑞士经济圈合作社法郎,80
GO_r_ref_currency,币种字典表,84,瑞尔,81
GO_r_ref_currency,币种字典表,85,印度尼西亚卢比,82
GO_r_ref_currency,币种字典表,86,欧洲复合单位 (EURCO) / 欧洲混合单位(债券市场单位),83
GO_r_ref_currency,币种字典表,87,开曼群岛元,84
GO_r_ref_currency,币种字典表,88,9号帐户的欧洲单位(债券市场单位),85
GO_r_ref_currency,币种字典表,89,也门第纳尔,86
GO_r_ref_currency,币种字典表,90,欧洲货币联盟(E.M.U.-6)(债券市场单位),87
GO_r_ref_currency,币种字典表,91,博茨瓦纳普拉,88
GO_r_ref_currency,币种字典表,92,赤道几内亚埃奎勒,89
GO_r_ref_currency,币种字典表,93,圣赫勒拿群岛磅,90
GO_r_ref_currency,币种字典表,94,塞浦路斯镑,91
GO_r_ref_currency,币种字典表,95,17号帐户的欧洲单位(债券市场单位),92
GO_r_ref_currency,币种字典表,96,塔吉克斯坦索莫尼,93
GO_r_ref_currency,币种字典表,97,阿联酋迪拉姆,94
GO_r_ref_currency,币种字典表,98,卢旺达法郎,95
GO_r_ref_currency,币种字典表,99,丹麦克朗,96
GO_r_ref_currency,币种字典表,100,保加利亚列弗,97
GO_r_ref_currency,币种字典表,101,南斯拉夫新第纳尔,98
GO_r_ref_currency,币种字典表,102,缅甸缅元,99
GO_r_ref_currency,币种字典表,103,挪威克朗,100
GO_r_ref_currency,币种字典表,104,叙利亚镑,101
GO_r_ref_currency,币种字典表,105,津巴布韦元,102
GO_r_ref_currency,币种字典表,106,斯里兰卡卢比,103
GO_r_ref_currency,币种字典表,107,捷克克朗,104
GO_r_ref_currency,币种字典表,108,爱尔兰镑,105
GO_r_ref_currency,币种字典表,109,希腊德拉马克,106
GO_r_ref_currency,币种字典表,110,东加勒比元,107
GO_r_ref_currency,币种字典表,111,古德,108
GO_r_ref_currency,币种字典表,112,苏克雷,109
GO_r_ref_currency,币种字典表,113,巴林第纳尔,110
GO_r_ref_currency,币种字典表,114,葡萄牙埃斯库多,111
GO_r_ref_currency,币种字典表,115,哈萨克斯坦坚戈,112
GO_r_ref_currency,币种字典表,116,斯威士兰里兰吉尼,113
GO_r_ref_currency,币种字典表,117,也门里亚尔,114
GO_r_ref_currency,币种字典表,118,阿富汗尼,115
GO_r_ref_currency,币种字典表,119,阿鲁巴岛弗罗林,116
GO_r_ref_currency,币种字典表,120,尼泊尔卢比,117
GO_r_ref_currency,币种字典表,121,蒙古图格里克,118
GO_r_ref_currency,币种字典表,122,匈牙利福林,119
GO_r_ref_currency,币种字典表,123,白俄罗斯卢布,120
GO_r_ref_currency,币种字典表,124,布隆迪法郎,121
GO_r_ref_currency,币种字典表,125,亚洲开发银行的账户单位,122
GO_r_ref_currency,币种字典表,126,IMF特别提款权货币,123
GO_r_ref_currency,币种字典表,127,伯利兹元,124
GO_r_ref_currency,币种字典表,128,纳米比亚元,125
GO_r_ref_currency,币种字典表,129,秘鲁索尔,126
GO_r_ref_currency,币种字典表,130,萨摩亚塔拉,127
GO_r_ref_currency,币种字典表,131,土库曼斯坦马纳特,128
GO_r_ref_currency,币种字典表,132,其他外币,129
GO_r_ref_currency,币种字典表,133,格查尔,130
GO_r_ref_currency,币种字典表,134,智利比索,131
GO_r_ref_currency,币种字典表,135,突尼斯第纳尔,132
GO_r_ref_currency,币种字典表,136,塞拉利昂利昂,133
GO_r_ref_currency,币种字典表,137,多米尼加比索,134
GO_r_ref_currency,币种字典表,138,科摩罗法郎,135
GO_r_ref_currency,币种字典表,139,格鲁吉亚拉里,136
GO_r_ref_currency,币种字典表,140,摩洛哥迪拉姆,137
GO_r_ref_currency,币种字典表,141,汤加潘加,138
GO_r_ref_currency,币种字典表,142,阿塞拜疆马纳特,139
GO_r_ref_currency,币种字典表,143,巴布亚新几内亚基那,140
GO_r_ref_currency,币种字典表,144,乌克兰格里夫那,141
GO_r_ref_currency,币种字典表,145,厄立特里亚纳克法,142
GO_r_ref_currency,币种字典表,146,乌吉亚,143
GO_r_ref_currency,币种字典表,147,百慕大元,144
GO_r_ref_currency,币种字典表,148,菲律宾比索,145
GO_r_ref_currency,币种字典表,149,没有货币的交换,146
GO_r_ref_currency,币种字典表,150,巴拉圭瓜拉尼,147
GO_r_ref_currency,币种字典表,151,牙买加元,148
GO_r_ref_currency,币种字典表,152,几内亚比索,149
GO_r_ref_currency,币种字典表,153,西班牙比塞塔,150
GO_r_ref_currency,币种字典表,154,哥伦比亚比索,151
GO_r_ref_currency,币种字典表,155,哥伦比亚unidad de valor real,152
GO_r_ref_currency,币种字典表,156,美元(次日)(资金)(第二天)(基金),153
GO_r_ref_currency,币种字典表,157,埃塞俄比亚比尔,154
GO_r_ref_currency,币种字典表,158,委内瑞拉博利瓦,155
GO_r_ref_currency,币种字典表,159,美元(当日)(资金)(同一天)(基金),156
GO_r_ref_currency,币种字典表,160,索马里先令,157
GO_r_ref_currency,币种字典表,161,瓦努阿图瓦图,158
GO_r_ref_currency,币种字典表,162,老挝基普,159
GO_r_ref_currency,币种字典表,163,文莱元,160
GO_r_ref_currency,币种字典表,164,利比里亚元,161
GO_r_ref_currency,币种字典表,165,阿尔巴尼亚列克,162
GO_r_ref_currency,币种字典表,166,赞比亚克瓦查,163
GO_r_ref_currency,币种字典表,167,马耳他镑,164
GO_r_ref_currency,币种字典表,168,以色列谢客尔,165
GO_r_ref_currency,币种字典表,169,加纳塞地,166
GO_r_ref_currency,币种字典表,170,圭亚那元,167
GO_r_ref_currency,币种字典表,171,朝鲜元,168
GO_r_ref_currency,币种字典表,172,玻利维亚诺,169
GO_r_ref_currency,币种字典表,173,摩尔多瓦列伊,170
GO_r_ref_currency,币种字典表,174,亚美尼亚德拉姆,171
GO_r_ref_currency,币种字典表,175,土耳其里拉,172
GO_r_ref_currency,币种字典表,176,黎巴嫩镑,173
GO_r_ref_currency,币种字典表,177,约旦第纳尔,174
GO_r_ref_currency,币种字典表,178,莱索托马洛蒂,175
GO_r_ref_currency,币种字典表,179,玻利维亚mvdol,176
GO_r_ref_currency,币种字典表,180,毛里求斯卢比,177
GO_r_ref_currency,币种字典表,181,直布罗陀镑,178
GO_r_ref_currency,币种字典表,182,罗马尼亚列伊,179
GO_r_ref_currency,币种字典表,183,尼日利亚奈拉,180
GO_r_ref_currency,币种字典表,184,哥斯达黎加科朗,181
GO_r_ref_currency,币种字典表,185,巴基斯坦卢比,182
GO_r_ref_currency,币种字典表,186,荷属安的列斯盾,183
GO_r_ref_currency,币种字典表,187,苏里南元,184
GO_r_ref_currency,币种字典表,188,立陶宛立特,185
GO_r_ref_currency,币种字典表,189,沙特里亚尔,186
GO_r_ref_currency,币种字典表,190,特立尼达多巴哥元,187
GO_r_ref_currency,币种字典表,191,马尔代夫卢非亚,188
GO_r_ref_currency,币种字典表,193,安哥拉宽扎,189
GO_r_ref_currency,币种字典表,194,所罗门元,190
GO_r_ref_currency,币种字典表,195,卢森堡法郎,191
GO_r_ref_currency,币种字典表,196,波兰兹罗提,192
GO_r_ref_currency,币种字典表,197,马拉维克瓦查,193
GO_r_ref_currency,币种字典表,198,马达加斯加阿里亚里,194
GO_r_ref_currency,币种字典表,199,芬兰马克,195
GO_r_ref_currency,币种字典表,200,德国马克,196
GO_r_ref_currency,币种字典表,201,波黑马克,197
GO_r_ref_currency,币种字典表,202,埃及镑,198
GO_r_ref_currency,币种字典表,203,南苏丹镑,199
GO_r_ref_currency,币种字典表,204,尼加拉瓜科多巴,200
GO_r_ref_currency,币种字典表,206,巴西雷亚尔,201
GO_r_ref_currency,币种字典表,1,人民币,1
GO_org_nature,投资机构性质字典值,GOI_lec6jwjnut,市场化,0
GO_org_nature,投资机构性质字典值,GOI_b9byeyc81s,产业CVC,1
GO_org_nature,投资机构性质字典值,GOI_l5g3wn0718,央企CVC,2
GO_org_nature,投资机构性质字典值,GOI_qdnae3iu4p,省属国资,3
GO_org_nature,投资机构性质字典值,GOI_uqfw9xskxe,市属国资,4
GO_org_nature,投资机构性质字典值,GOI_x85uqjdanr,区属国资,5
GO_org_nature,投资机构性质字典值,GOI_yv2itkdqtw,券商系,6
GO_org_nature,投资机构性质字典值,GOI_aldsu83v8z,央企,7
GO_org_nature,投资机构性质字典值,GOI_rcq3y57ovl,国企,8
GO_invest_method,机构投资方式字典值,GOI_tc8nhfdxm5,自有资金投资,0
GO_invest_method,机构投资方式字典值,GOI_q4eifrpwkg,母基金投资,1
GO_invest_method,机构投资方式字典值,GOI_ycrvwapezy,子基金投资,2
GO_invest_method,机构投资方式字典值,GOI_iqmavc3hs1,领投,3
GO_invest_method,机构投资方式字典值,GOI_e2gfsqndiw,跟投,4
GO_invest_method,机构投资方式字典值,GOI_avmxlz0m34,联合投资,5
GO_fund_type,基金类型字典值,GOI_woqh7fby2w,与安徽省市区合作设立的母基金,0
GO_fund_type,基金类型字典值,GOI_r069mfzlaw,与安徽省市区合作设立的直投基金,1
GO_fund_type,基金类型字典值,GOI_r542nsyi8i,与其他省市区合作设立的母基金,2
GO_fund_type,基金类型字典值,GOI_jz8neie65z,与其他省市区合作设立的直投基金,3
GO_fund_type,基金类型字典值,GOI_zo75vf0mlw,其他市场化母基金,4
GO_fund_type,基金类型字典值,GOI_hfeylmt3zw,其他市场化直投基金,5
GO_fin_type,金融机构类型字典值,GOI_dxk57ubxky,金融机构,0
GO_fin_type,金融机构类型字典值,GOI_a5vs6l9072,类金融机构,1
GO_fin_type,金融机构类型字典值,GOI_irh7v7b039,券商机构,2
GO_fin_type,金融机构类型字典值,GOI_l2ucnsiyqe,保险机构,3
GO_fin_nature,金融机构性质字典值,GOI_ibblihzqko,国有商业银行,0
GO_fin_nature,金融机构性质字典值,GOI_fzgfd4hiz5,外资银行,1
GO_fin_nature,金融机构性质字典值,GOI_iqp12exzpk,股份制商业银行,2
GO_fin_nature,金融机构性质字典值,GOI_ce31jc1ekj,城市商业银行,3
GO_fin_nature,金融机构性质字典值,GOI_rwlt4vmbvy,农村商业银行,4
GO_schedule_participation_status,日程参与状态,ST_1,待定,0
GO_schedule_participation_status,日程参与状态,ST_2,参加,1
GO_schedule_participation_status,日程参与状态,ST_3,拒绝,2
GO_follow_up_type, 跟进方式,1,外出赴企业考察,0
GO_follow_up_type, 跟进方式,2,来肥交流,1
GO_follow_up_type, 跟进方式,3,电话沟通,2
GO_follow_up_type, 跟进方式,4,线上会议,3
GO_product_type,金融产品类型字典值,GOI_vn4vfvrvp5,经营类贷款,0
GO_product_type,金融产品类型字典值,GOI_r423tousfb,项目类贷款,1
GO_product_type,金融产品类型字典值,GOI_d1l52apszc,贸易与结算类贷款,2
GO_product_type,金融产品类型字典值,GOI_j1hu2ne4yj,专项扶持贷款,3
GO_product_type,金融产品类型字典值,GOI_s8gs7m1rr1,票据与金融工具类,4
GO_product_type,金融产品类型字典值,GOI_mrovlusyoc,政策导向类贷款,5
GO_product_type,金融产品类型字典值,GOI_i2tmaef0xi,绿色金融类,6
GO_guarantee_method,金融产品担保方式,GOI_xfvq2qkm6t,抵押,0
GO_guarantee_method,金融产品担保方式,GOI_cz0g2ab785,质押,1
GO_guarantee_method,金融产品担保方式,GOI_qse49sgrey,信用,2
GO_guarantee_method,金融产品担保方式,GOI_zqaj6071oq,保证,3
GO_z7z7fiqta7,项目类型,GOI_1,项目,0
GO_z7z7fiqta7,项目类型,GOI_2,在谈项目,1
GO_z7z7fiqta7,项目类型,GOI_3,签约项目,2
GO_responsible_department,新研机构主责部门,GOI_runvggdko9,发改委,0
GO_responsible_department,新研机构主责部门,GOI_g7ntnktsgy,工信部,1
GO_cooperate_partner_type,合作伙伴类型,1,企业,0
GO_cooperate_partner_type,合作伙伴类型,2,投资机构,1
GO_cooperate_partner_type,合作伙伴类型,3,金融机构,2
GO_cooperate_partner_type,合作伙伴类型,4,新研机构,3
GO_cooperate_partner_type,合作伙伴类型,5,专家库,4
GO_expert_type,专家类型,GOI_bwd96peuoh,管理类,0
GO_expert_type,专家类型,GOI_iu41xjigro,财务金融类,1
GO_expert_type,专家类型,GOI_fxdxqwscan,技术类,2
GO_bve2e8j1rh,线索来源,1,市局线索,0
GO_bve2e8j1rh,线索来源,2,投促公司线索,1
GO_bve2e8j1rh,线索来源,3,外部机构线索,2
GO_bve2e8j1rh,线索来源,4,并购线索,3
C_GO_basnxay7jm,清单项线索来源,13,合肥市投资促进有限公司,12
GO_g9dp0r2otj,资源类型,BTE_invest,投资机构,0
GO_g9dp0r2otj,资源类型,BTE_finance,金融机构,1
GO_g9dp0r2otj,资源类型,BTE_think_tank,新研机构,2
GO_g9dp0r2otj,资源类型,BTE_scenario,场景,3
GO_investor_type,需要投资人类型,GOI_only_industry,产业投资人,0
GO_investor_type,需要投资人类型,GOI_only_finance,财务投资人,1
GO_investor_type,需要投资人类型,GOI_industry_finance,产业及财务投资人,2
C_GO_basnxay7jm,清单项线索来源,99,其他,11
GO_no94jhvnc1,对接形式,1,外出赴企业考察,0
GO_no94jhvnc1,对接形式,2,来肥交流,1
GO_no94jhvnc1,对接形式,3,电话沟通,2
GO_no94jhvnc1,对接形式,4,线上会议,3
C_GO_c59r9pk6yi,企业类型,99,其他,10
GO_n0alzwx3fe,所属产业,35,新一代信息技术-数字经济,5
GO_n0alzwx3fe,所属产业,37,新一代信息技术-人工智能,6
GO_n0alzwx3fe,所属产业,36,节能环保与新能源（除光储）,12
GO_n0alzwx3fe,所属产业,38,文旅商贸和生活性服务业,19
GO_n0alzwx3fe,所属产业,39,生产性服务业,20
GO_n0alzwx3fe,所属产业,33,现代法务服务业,21
GO_n0alzwx3fe,所属产业,34,其他,22
GO_k5yeu9y4ny,活动相关方类型,project,项目,0
GO_k5yeu9y4ny,活动相关方类型,leads,线索,1
GO_k5yeu9y4ny,活动相关方类型,investment,投资机构,2
GO_k5yeu9y4ny,活动相关方类型,research,新研机构,3
GO_k5yeu9y4ny,活动相关方类型,finance,金融机构,4
GO_k5yeu9y4ny,活动相关方类型,scene,场景,5
GO_industry_sector,行业领域,14,其他,13
GO_g9dp0r2otj,资源类型,5,区县,4
GO_g9dp0r2otj,资源类型,6,载体,5
GO_g9dp0r2otj,资源类型,7,金融产品,6
GO_r_reg_type,企业注册类型字典值,110,国有企业,0
GO_r_reg_type,企业注册类型字典值,120,集体企业,1
GO_r_reg_type,企业注册类型字典值,130,股份合作企业,2
GO_r_reg_type,企业注册类型字典值,140,联营企业,3
GO_r_reg_type,企业注册类型字典值,150,有限责任公司,4
GO_r_reg_type,企业注册类型字典值,160,股份有限公司,5
GO_r_reg_type,企业注册类型字典值,170,私营企业,6
GO_r_reg_type,企业注册类型字典值,190,其他内资企业,7
GO_r_reg_type,企业注册类型字典值,200,港、澳、台商投资企业,8
GO_r_reg_type,企业注册类型字典值,210,个人独资企业,9
GO_r_reg_type,企业注册类型字典值,220,有限合伙,10
GO_r_reg_type,企业注册类型字典值,230,普通合伙,11
GO_r_reg_type,企业注册类型字典值,300,外商投资企业,12
GO_r_reg_type,企业注册类型字典值,900,个体工商户,13
GO_week,周几枚举,1,周一,0
GO_week,周几枚举,2,周二,1
GO_week,周几枚举,3,周三,2
GO_week,周几枚举,4,周四,3
GO_week,周几枚举,5,周五,4
GO_week,周几枚举,6,周六,5
GO_week,周几枚举,7,周日,6
GO_invest_amount_type,融资金额类型字典值,1,明确金额,0
GO_invest_amount_type,融资金额类型字典值,2,模糊金额,1
GO_invest_amount_type,融资金额类型字典值,3,未披露,2
GO_r_ref_currency,币种字典表,0,--,0
GO_operating_status,运营状态字典值,-1,停止运营,0
GO_operating_status,运营状态字典值,0,状态不明,1
GO_operating_status,运营状态字典值,1,运营中,2
GO_score_rule_condition,评分规则条件,any,包含任一,0
GO_score_rule_condition,评分规则条件,notAny,不包含,1
GO_score_rule_condition,评分规则条件,eq,等于,2
GO_score_rule_condition,评分规则条件,neq,不等于,3
GO_score_rule_condition,评分规则条件,gt,大于,4
GO_score_rule_condition,评分规则条件,lt,小于,5
GO_score_rule_condition,评分规则条件,gte,大于等于,6
GO_score_rule_condition,评分规则条件,lte,小于等于,7
GO_score_rule_condition,评分规则条件,gele,介于（含边界）,8
GO_score_rule_condition,评分规则条件,gelt,介于（前闭后开）,9
GO_trigger_mechanism,触发机制,1,系统自动触发,0
GO_trigger_mechanism,触发机制,2,手动触发,1
GO_calc_score_type,计算分值方式,1,动态（可重复获取，事件触发立即计算分值）,0
GO_calc_score_type,计算分值方式,2,静态（不可重复获取，基于最终结果计算分值）,1
GO_score_org_type,评分机构类别,1,金融机构奖惩规则,0
GO_score_org_type,评分机构类别,2,投资机构奖惩规则,1
GO_schedule_activity_type,日程活动类型,GOI_roadshow,主题路演,0
GO_schedule_activity_type,日程活动类型,GOI_capital_connection,线下资本对接,1
GO_schedule_activity_type,日程活动类型,GOI_project_assessment,项目线索研判,2
GO_schedule_activity_type,日程活动类型,GOI_investment_assessment,投融资研判,3
GO_schedule_activity_type,日程活动类型,GOI_cultivate,培训,4
GO_activity_role,活动相关方角色定位,GOI_main,主办单位,0
GO_activity_role,活动相关方角色定位,GOI_co_org,协办单位,1
GO_activity_role,活动相关方角色定位,GOI_contractor,承办单位,2
GO_activity_role,活动相关方角色定位,GOI_support,支持单位,3
GO_activity_role,活动相关方角色定位,GOI_guidance,指导单位,4
GO_activity_role,活动相关方角色定位,GOI_sponsor,赞助单位,5
GO_cooperate_partner_type,合作伙伴类型,BTE_company,企业,0
GO_cooperate_partner_type,合作伙伴类型,BTE_invest,投资机构,1
GO_cooperate_partner_type,合作伙伴类型,BTE_finance,金融机构,2
GO_cooperate_partner_type,合作伙伴类型,BTE_think_tank,新研机构,3
GO_cooperate_partner_type,合作伙伴类型,BTE_expert,专家库,4
GO_cooperate_partner_type,合作伙伴类型,BTE_scenario,场景,5
bpm-audit-status,bpm审批状态,2,已发放,2
GO_xxr9jot9yw,部门,26,合肥市投促局,0
GO_xxr9jot9yw,部门,28,合肥市工信局,1
GO_xxr9jot9yw,部门,29,合肥市发改委,2
GO_xxr9jot9yw,部门,30,合肥市科技局,3
GO_xxr9jot9yw,部门,31,合肥市生态环境局,4
GO_xxr9jot9yw,部门,32,合肥市农业农村局,5
GO_xxr9jot9yw,部门,33,合肥市数据资源管理局,6
GO_xxr9jot9yw,部门,34,合肥市商务局,7
GO_xxr9jot9yw,部门,35,合肥市委宣传部,8
GO_xxr9jot9yw,部门,36,合肥市文化旅游局,9
GO_xxr9jot9yw,部门,37,合肥市司法局,10
GO_xxr9jot9yw,部门,38,合肥市人大常委会法工委,11
GO_lj6yuzm722,区县,11,巢湖市,1
GO_lj6yuzm722,区县,12,庐江县,2
GO_lj6yuzm722,区县,13,长丰县,3
GO_belong_industry,所属行业,1,新能源及智能网联汽车,0
GO_belong_industry,所属行业,2,新一代信息技术-集成电路,1
GO_belong_industry,所属行业,3,新一代信息技术-智能机器人,2
GO_belong_industry,所属行业,5,新一代信息技术-新型显示,3
GO_belong_industry,所属行业,6,新一代信息技术-智能城市,4
GO_belong_industry,所属行业,8,智能家电（居）,7
GO_belong_industry,所属行业,9,先进光伏及新型储能,8
GO_belong_industry,所属行业,10,生物医药,9
GO_belong_industry,所属行业,11,高端装备及新材料-新材料,10
GO_belong_industry,所属行业,12,高端装备及新材料-高端装备,11
GO_product_type,金融产品类型字典值,1,企业产品,0
GO_product_type,金融产品类型字典值,2,疫情产品,1
GO_product_type,金融产品类型字典值,3,政策产品,2
GO_product_type,金融产品类型字典值,4,非银类产品,3
GO_product_type,金融产品类型字典值,5,股权融资产品,4
GO_product_type,金融产品类型字典值,6,秒批秒贷,5
GO_product_type,金融产品类型字典值,7,热门产品,6
GO_product_type,金融产品类型字典值,8,首贷中心,7
GO_product_type,金融产品类型字典值,9,政信贷,8
GO_product_type,金融产品类型字典值,10,区域政策产品,9
GO_product_type,金融产品类型字典值,11,碳减排,10
GO_product_type,金融产品类型字典值,12,支小再贷款,11
GO_product_type,金融产品类型字典值,13,支农再贷款,12
GO_product_type,金融产品类型字典值,14,科创金融,13
GO_product_type,金融产品类型字典值,15,恵企产品,14
GO_product_type,金融产品类型字典值,16,亩均英雄贷,15
GO_product_type,金融产品类型字典值,17,债权融资,16
GO_product_type,金融产品类型字典值,18,股权融资,17
GO_product_type,金融产品类型字典值,19,投贷联动,18
GO_product_type,金融产品类型字典值,20,股权融资（信易贷）,19
GO_product_type,金融产品类型字典值,21,普惠金融,20
GO_product_type,金融产品类型字典值,22,重点项目,21
GO_guarantee_method,金融产品担保方式,1,抵押,0
GO_guarantee_method,金融产品担保方式,2,质押,1
GO_guarantee_method,金融产品担保方式,3,信用,2
GO_guarantee_method,金融产品担保方式,4,保证,3
GO_lj6yuzm722,区县,39,安巢经开区,0
GO_lj6yuzm722,区县,14,肥西县,4
GO_lj6yuzm722,区县,15,肥东县,5
GO_lj6yuzm722,区县,16,蜀山区,6
GO_lj6yuzm722,区县,17,瑶海区,7
GO_lj6yuzm722,区县,18,包河区,8
GO_lj6yuzm722,区县,19,庐阳区,9
GO_lj6yuzm722,区县,40,新站高新区,10
GO_lj6yuzm722,区县,41,经开区,11
GO_lj6yuzm722,区县,42,高新区,12
GO_pp0fm8e268,市领导交办,325,罗云峰,1
GO_pp0fm8e268,市领导交办,420,汪卫东,2
GO_pp0fm8e268,市领导交办,328,王文松,3
GO_pp0fm8e268,市领导交办,329,路军,4
GO_pp0fm8e268,市领导交办,421,张泉,5
GO_pp0fm8e268,市领导交办,422,刘卫宝,6
GO_pp0fm8e268,市领导交办,330,袁飞,7
GO_pp0fm8e268,市领导交办,423,王连贵,8
GO_pp0fm8e268,市领导交办,424,何逢阳,9
GO_pp0fm8e268,市领导交办,425,李命山,10
GO_pp0fm8e268,市领导交办,426,王海霞,11
GO_pp0fm8e268,市领导交办,427,罗平,12
GO_pp0fm8e268,市领导交办,509,费高云,0
GO_x3r0wrr4nm,局领导交办,332,钱文,0
GO_x3r0wrr4nm,局领导交办,333,陈文胜,1
GO_x3r0wrr4nm,局领导交办,334,李青山,2
GO_x3r0wrr4nm,局领导交办,359,韩洋,3
GO_xxr9jot9yw,部门,133,合肥市驻京办,12
GO_xxr9jot9yw,部门,134,合肥市驻深办,13
GO_xxr9jot9yw,部门,135,合肥市驻沪办,14
GO_xxr9jot9yw,部门,137,合肥市投资促进有限公司,15
GO_xxr9jot9yw,部门,1029,合肥市人大办公室,16
GO_xxr9jot9yw,部门,1038,合肥市委统战部,17
GO_xxr9jot9yw,部门,1039,市属国资平台公司,18
GO_xxr9jot9yw,部门,1064,合肥市总工会,19
GO_xxr9jot9yw,部门,1065,合肥市委办公室,20
GO_xxr9jot9yw,部门,1066,合肥市政府办公室,21
GO_xxr9jot9yw,部门,1067,合肥市政协办公室,22
GO_xxr9jot9yw,部门,1068,合肥市委台办,23
GO_xxr9jot9yw,部门,1069,合肥市教育局,24
GO_xxr9jot9yw,部门,1070,合肥市民政局,25
GO_xxr9jot9yw,部门,1071,合肥市财政局,26
GO_xxr9jot9yw,部门,1072,合肥市人力资源社会保障局,27
GO_xxr9jot9yw,部门,1073,合肥市自然资源和规划局,28
GO_xxr9jot9yw,部门,1074,合肥市交通运输局,29
GO_xxr9jot9yw,部门,1075,合肥市卫生健康委,30
GO_xxr9jot9yw,部门,1076,合肥市退役军人事务局,31
GO_xxr9jot9yw,部门,1077,合肥市外办,32
GO_xxr9jot9yw,部门,1078,合肥市国资委,33
GO_xxr9jot9yw,部门,1079,合肥市市场监管局,34
GO_xxr9jot9yw,部门,1080,合肥市体育局,35
GO_xxr9jot9yw,部门,1081,合肥市林业园林局,36
GO_xxr9jot9yw,部门,1082,合肥市医保局,37
GO_xxr9jot9yw,部门,1083,合肥市住房保障和房产管理局,38
GO_xxr9jot9yw,部门,1084,合肥市自贸委,39
GO_xxr9jot9yw,部门,1085,合肥市合肥产业研究院,40
GO_xxr9jot9yw,部门,1086,合肥市税务局,41
GO_xxr9jot9yw,部门,1087,合肥市邮政管理局,42
GO_xxr9jot9yw,部门,1088,合肥市团市委,43
GO_xxr9jot9yw,部门,1089,合肥市侨联,44
GO_xxr9jot9yw,部门,1090,合肥市工商联,45
GO_xxr9jot9yw,部门,1093,合肥市城乡建设局,46
GO_xxr9jot9yw,部门,1094,合肥市应急管理局,47
GO_xxr9jot9yw,部门,1095,合肥市公共资源交易监管局,48
GO_xxr9jot9yw,部门,1096,合肥市地方金融管理局,49
GO_xxr9jot9yw,部门,1097,合肥市妇联,50
GO_xxr9jot9yw,部门,1202,合肥市对外经济交流中心,51
GO_expert_level,专家级别,GOI_qw5qywwz84,首席,0
GO_expert_level,专家级别,GOI_v0bv3ojz7l,一般,1
GO_expert_source,专家信息来源,GOI_mr1n4tnjcn,省发改委,0
GO_expert_source,专家信息来源,GOI_vqklsfhxfj,市科技局,1
GO_investment_area,投资区域,99,其他地区,9
GO_project_labels,项目标签,99,其他,11
GO_carrier_type,载体类型,ST_ghwvcdvvh6,产业园区,0
GO_carrier_type,载体类型,ST_dfbygq4ylz,地块资源,1
GO_carrier_type,载体类型,ST_h3398I41ar,楼宇资源,2
GO_carrier_type,载体类型,ST_v9uwjyxkkd,厂房资源,3
GO_quality_score,任务质量评分,1,优秀,0
GO_quality_score,任务质量评分,2,良好,1
GO_quality_score,任务质量评分,3,不及格,2
GO_belong_industry,所属行业,35,新一代信息技术-数字经济,5
GO_belong_industry,所属行业,37,新一代信息技术-人工智能,6
GO_belong_industry,所属行业,36,节能环保与新能源（除光储）,12
GO_belong_industry,所属行业,14,量子信息与仪器,13
GO_belong_industry,所属行业,15,空天技术-空天信息与商业航天,14
GO_belong_industry,所属行业,16,空天技术-低空经济,15
GO_belong_industry,所属行业,17,聚变能源,16
GO_belong_industry,所属行业,19,生物制造,17
GO_belong_industry,所属行业,21,绿色食品及现代种业（现代农业和农产品加工）,18
GO_belong_industry,所属行业,38,文旅商贸和生活性服务业,19
GO_belong_industry,所属行业,39,生产性服务业,20
GO_belong_industry,所属行业,33,现代法务服务业,21
GO_belong_industry,所属行业,34,其他,22
GO_y0dn0mcjsn,产业支持类型,1,"1	研究院",0
GO_y0dn0mcjsn,产业支持类型,2,"2	全国重点实验室",1
GO_y0dn0mcjsn,产业支持类型,3,"3	新研机构",2
GO_y0dn0mcjsn,产业支持类型,4,"4	其他",3
GO_p8vbq7ashi,地块用途,1,"1	工业用地",0
GO_p8vbq7ashi,地块用途,2,"2	科研用地",1
GO_p8vbq7ashi,地块用途,3,"3	商业用地",2
GO_p8vbq7ashi,地块用途,4,"4	商办用地",3
GO_p8vbq7ashi,地块用途,5,"5	仓储用地",4
GO_p8vbq7ashi,地块用途,6,"6	文旅用地",5
GO_p8vbq7ashi,地块用途,7,"7	商住用地",6
GO_p8vbq7ashi,地块用途,8,"8	居住用地",7
GO_p8vbq7ashi,地块用途,9,"9	文化设施",8
GO_zy1rjlc1it,园区级别,1,"1	国家级",0
GO_zy1rjlc1it,园区级别,2,"2	省级",1
GO_zy1rjlc1it,园区级别,3,"3	市级",2
GO_zy1rjlc1it,园区级别,4,"4	区级",3
GO_zy1rjlc1it,园区级别,5,"5	镇街级",4
GO_zy1rjlc1it,园区级别,6,"6	其他",5
GO_sl8o6ew7xq,园区类型,1,"1	产业园区",0
GO_sl8o6ew7xq,园区类型,2,"2	高新区",1
GO_sl8o6ew7xq,园区类型,3,"3	开发区",2
GO_sl8o6ew7xq,园区类型,4,"4	工业园",3
GO_sl8o6ew7xq,园区类型,5,"5	小微园",4
GO_h3krunu45j,可用地情况,1,"1	待征地",0
GO_h3krunu45j,可用地情况,2,"2	熟地",1
GO_v4h6huqu3y,租金类型,1,"1	按面积算",0
GO_v4h6huqu3y,租金类型,2,"2	按单间算",1
GO_v4h6huqu3y,租金类型,3,"3	面议",2
bpm-audit-status,bpm审批状态,5,人工结束,5
GO_org_nature,投资机构性质字典值,GOI_rcq3y57ovl,国企国资,8
GO_fin_nature,金融机构性质字典值,GOI_ibblihzqko,国有商业银行,6
GO_fin_nature,金融机构性质字典值,GOI_fzgfd4hiz5,外资银行,7
GO_fin_nature,金融机构性质字典值,GOI_iqp12exzpk,股份制商业银行,8
GO_fin_nature,金融机构性质字典值,GOI_ce31jc1ekj,城市商业银行,5
GO_fin_nature,金融机构性质字典值,GOI_rwlt4vmbvy,农村商业银行,9
GO_schedule_activity_type,日程活动类型,GOI_roadshow,路演活动,0
GO_schedule_activity_type,日程活动类型,GOI_project_assessment,项目线索研判,3
GO_schedule_activity_type,日程活动类型,GOI_investment_assessment,投融资研判,4
GO_schedule_activity_type,日程活动类型,GOI_cultivate,培训,5
GO_guarantee_method,金融产品担保方式,5,担保,4
GO_guarantee_method,金融产品担保方式,6,其他,5
GO_org_nature,投资机构性质字典值,GOI_op2dihuxr7,FA,9
GO_org_nature,投资机构性质字典值,GOI_nzmyl0mohy,其他,20
GO_fin_nature,金融机构性质字典值,GOI_ljb9q5l3zz,央企,0
GO_fin_nature,金融机构性质字典值,GOI_g5uc4my7y4,省属国企,1
GO_fin_nature,金融机构性质字典值,GOI_ro705jozn6,市属国企,2
GO_fin_nature,金融机构性质字典值,GOI_btvj1jnq89,民企,3
GO_fin_nature,金融机构性质字典值,GOI_qcyl95cm8l,央企子公司,4
GO_fin_nature,金融机构性质字典值,GOI_wv8l14tuvm,其他,10
GO_org_nature,投资机构性质字典值,GOI_btb3i72sbl,国资,10
GO_org_nature,投资机构性质字典值,GOI_p3rja5j1oa,高新区国资,11
GO_org_nature,投资机构性质字典值,GOI_zy28uv1ib3,国家大基金管理人,12
GO_org_nature,投资机构性质字典值,GOI_vjaozl4jxt,咨询机构,13
GO_org_nature,投资机构性质字典值,GOI_ot6d28iv2b,协会,14
GO_org_nature,投资机构性质字典值,GOI_hhrcvphufu,家办,15
GO_org_nature,投资机构性质字典值,GOI_fwdsrndawi,媒体,16
GO_org_nature,投资机构性质字典值,GOI_dhp5smmdk2,资本金供应商,17
GO_org_nature,投资机构性质字典值,GOI_od73vzcrh3,猎头公司,18
GO_org_nature,投资机构性质字典值,GOI_xsb4xt8kiw,上市公司,19
GO_oh3fycy3av,市局产业字典,1,智能网联新能源汽车,0
GO_oh3fycy3av,市局产业字典,3,先进光伏及新型储能,1
GO_oh3fycy3av,市局产业字典,18,数字经济,2
GO_oh3fycy3av,市局产业字典,19,新材料,3
GO_oh3fycy3av,市局产业字典,20,智能机器人,4
GO_oh3fycy3av,市局产业字典,21,节能环保与新能源（除光储）,5
GO_oh3fycy3av,市局产业字典,22,低空经济,6
GO_oh3fycy3av,市局产业字典,4,生物医药,7
GO_oh3fycy3av,市局产业字典,5,智能家电（居）,8
GO_oh3fycy3av,市局产业字典,6,高端装备,9
GO_oh3fycy3av,市局产业字典,7,量子信息与仪器,10
GO_oh3fycy3av,市局产业字典,8,商业航天,11
GO_oh3fycy3av,市局产业字典,9,聚变能源,12
GO_oh3fycy3av,市局产业字典,23,生产性服务业,13
GO_oh3fycy3av,市局产业字典,24,文旅商贸和生活性服务业,14
GO_oh3fycy3av,市局产业字典,25,现代法务服务业,15
GO_oh3fycy3av,市局产业字典,11,生物制造,16
GO_oh3fycy3av,市局产业字典,12,现代农业与农产品加工业,17
GO_oh3fycy3av,市局产业字典,14,新型显示,18
GO_oh3fycy3av,市局产业字典,15,集成电路,19
GO_oh3fycy3av,市局产业字典,16,人工智能,20
GO_oh3fycy3av,市局产业字典,38,智能城市,21
GO_i0ioqmysfi,园区类型,1,产业园区,0
GO_i0ioqmysfi,园区类型,2,高新区,1
GO_i0ioqmysfi,园区类型,3,开发区,2
GO_i0ioqmysfi,园区类型,4,工业园,3
GO_i0ioqmysfi,园区类型,5,小微园,4
GO_yyi2fv59id,园区级别,1,国家级,0
GO_yyi2fv59id,园区级别,2,省级,1
GO_yyi2fv59id,园区级别,3,市级,2
GO_yyi2fv59id,园区级别,4,区级,3
GO_yyi2fv59id,园区级别,5,镇街级,4
GO_yyi2fv59id,园区级别,6,其他,5
GO_g022ay3657,土地用途,1,工业用地,0
GO_g022ay3657,土地用途,2,科研用地,1
GO_g022ay3657,土地用途,3,商业用地,2
GO_g022ay3657,土地用途,4,商办用地,3
GO_g022ay3657,土地用途,5,仓储用地,4
GO_g022ay3657,土地用途,6,文旅用地,5
GO_g022ay3657,土地用途,7,商住用地,6
GO_g022ay3657,土地用途,8,居住用地,7
GO_g022ay3657,土地用途,9,文化设施,8
GO_r4efv8dda0,可用地情况,1,待征地,0
GO_r4efv8dda0,可用地情况,2,熟地,1
GO_vww5p773cr,租金类型,1,按面积算,0
GO_vww5p773cr,租金类型,2,按单间算,1
GO_vww5p773cr,租金类型,3,面议,2
GO_schedule_activity_type,日程活动类型,GOI_financing_activities,融资活动,1
GO_schedule_activity_type,日程活动类型,GOI_industry_seminar,行业研讨会,2
GO_schedule_activity_type,日程活动类型,GOI_other,其他,6
GO_schedule_activity_level,日程活动级别,A,A,0
GO_schedule_activity_level,日程活动级别,B,B,1
GO_schedule_activity_level,日程活动级别,C,C,2
GO_schedule_activity_level,日程活动级别,D,D,3
GO_schedule_activiy_industry,日程活动行业分类,99,生态合伙人,0
GO_schedule_activiy_industry,日程活动行业分类,1,新能源及智能网联汽车,1
GO_schedule_activiy_industry,日程活动行业分类,2,新一代信息技术-集成电路,2
GO_schedule_activiy_industry,日程活动行业分类,3,新一代信息技术-智能机器人,3
GO_schedule_activiy_industry,日程活动行业分类,5,新一代信息技术-新型显示,4
GO_schedule_activiy_industry,日程活动行业分类,6,新一代信息技术-智能城市,5
GO_schedule_activiy_industry,日程活动行业分类,35,新一代信息技术-数字经济,6
GO_schedule_activiy_industry,日程活动行业分类,37,新一代信息技术-人工智能,7
GO_schedule_activiy_industry,日程活动行业分类,8,智能家电（居）,8
GO_schedule_activiy_industry,日程活动行业分类,9,先进光伏及新型储能,9
GO_schedule_activiy_industry,日程活动行业分类,10,生物医药,10
GO_schedule_activiy_industry,日程活动行业分类,11,高端装备及新材料-新材料,11
GO_schedule_activiy_industry,日程活动行业分类,12,高端装备及新材料-高端装备,12
GO_schedule_activiy_industry,日程活动行业分类,36,节能环保与新能源（除光储）,13
GO_schedule_activiy_industry,日程活动行业分类,14,量子信息与仪器,14
GO_schedule_activiy_industry,日程活动行业分类,15,空天技术-空天信息与商业航天,15
GO_schedule_activiy_industry,日程活动行业分类,16,空天技术-低空经济,16
GO_schedule_activiy_industry,日程活动行业分类,17,聚变能源,17
GO_schedule_activiy_industry,日程活动行业分类,19,生物制造,18
GO_schedule_activiy_industry,日程活动行业分类,21,绿色食品及现代种业（现代农业和农产品加工）,19
GO_schedule_activiy_industry,日程活动行业分类,38,文旅商贸和生活性服务业,20
GO_schedule_activiy_industry,日程活动行业分类,39,生产性服务业,21
GO_schedule_activiy_industry,日程活动行业分类,33,现代法务服务业,22
GO_schedule_activiy_industry,日程活动行业分类,34,其他,23
GO_gata6vkxjm,买方类型,GOI_nvp0qxncja,企业,0
GO_gata6vkxjm,买方类型,GOI_pukpaditzn,投资机构,1
GO_f6dydhisa5,并购买方企业类型,GOI_zqyzfv4y6s,省属国企,0
GO_f6dydhisa5,并购买方企业类型,GOI_j17nvi2gi0,市属国企,1
GO_r9bl32h5dm,并购买方需求类型,GOI_kvzfun2z1d,控股,0
GO_r9bl32h5dm,并购买方需求类型,GOI_e70gq7olz3,参股,1
GO_pti8noz3al,并购买方需求公司类型,GOI_nsz1fwmzc3,上市公司,0
GO_pti8noz3al,并购买方需求公司类型,GOI_dhgi6lwzcw,非上市公司,1
GO_hyhx7mopmu,合作伙伴级别,1,A级,0
GO_hyhx7mopmu,合作伙伴级别,2,B级,1
GO_hyhx7mopmu,合作伙伴级别,3,C级,2
GO_f6dydhisa5,并购买方企业类型,GOI_foyqrkishz,区属国企,2
GO_f6dydhisa5,并购买方企业类型,GOI_av4bfzjzfi,市场化机构,3
GO_f6dydhisa5,并购买方企业类型,GOI_tod6covsxx,民营企业,4
GO_f6dydhisa5,并购买方企业类型,GOI_zo0g3qbunt,其他,5
GO_r9bl32h5dm,并购买方需求类型,GOI_og0s1whvk2,控股和参股,2
GO_r5ov6a9crs,买方对赌要求,GOI_txrwk4jdeg,有,0
GO_r5ov6a9crs,买方对赌要求,GOI_wcucde2haw,无,1
GO_v4h18faw8x,迁址需求,GOI_iuaxtypvyj,有,0
GO_v4h18faw8x,迁址需求,GOI_yvuz0tpcos,无,1
GO_uc7r6c88lb,场景产业字典,GOI_pyqbqnvkd6,集成电路,0
GO_uc7r6c88lb,场景产业字典,GOI_r6jpnglcp2,新型显示,1
GO_uc7r6c88lb,场景产业字典,GOI_bju3pbk8ct,量子产业,2
GO_uc7r6c88lb,场景产业字典,GOI_k093lbjp87,网络信息与安全,3
GO_uc7r6c88lb,场景产业字典,GOI_k9fdpt107a,城市安全,4
GO_uc7r6c88lb,场景产业字典,GOI_lzmlr71xvz,空天信息,5
GO_uc7r6c88lb,场景产业字典,GOI_v7uo444fzf,人工智能,6
GO_uc7r6c88lb,场景产业字典,GOI_w619cma0xf,新能源汽车和智能网联汽车,7
GO_uc7r6c88lb,场景产业字典,GOI_b6ba77icvg,生物医药,8
GO_uc7r6c88lb,场景产业字典,GOI_r0h19b3yju,新材料,9
GO_uc7r6c88lb,场景产业字典,GOI_bndaac6y8p,高端装备,10
GO_uc7r6c88lb,场景产业字典,GOI_gjxm94zglq,节能环保,11
GO_uc7r6c88lb,场景产业字典,GOI_z8aa4ke5iq,光伏及新能源,12
GO_uc7r6c88lb,场景产业字典,GOI_jp22z5ovnw,绿色食品及现代种业,13
GO_uc7r6c88lb,场景产业字典,GOI_ud5893gea0,创意文化,14
GO_uc7r6c88lb,场景产业字典,GOI_h8hionvm92,智能家电,15
GO_uc7r6c88lb,场景产业字典,GOI_kz6rkecgfj,聚变能源,16
GO_uc7r6c88lb,场景产业字典,GOI_ae7fo7eurq,先进光伏及新型储能,17
GO_uc7r6c88lb,场景产业字典,GOI_q9qq1aj9au,合成生物,18
GO_uc7r6c88lb,场景产业字典,GOI_asp7sk14tc,其他,19
GO_uc7r6c88lb,场景产业字典,GOI_oirkjevjxg,低空经济,20
GO_uc7r6c88lb,场景产业字典,GOI_leuaxsa9gp,城市建管,21
GO_uc7r6c88lb,场景产业字典,GOI_wms8u60xw5,民生服务,22
GO_g9dp0r2otj,资源类型,8,政策,7
GO_t27u0x8eqi,融资需求/额度,1,100万以下,0
GO_t27u0x8eqi,融资需求/额度,2,100-200万,1
GO_t27u0x8eqi,融资需求/额度,3,200-500万,2
GO_t27u0x8eqi,融资需求/额度,4,500-1000万,3
GO_t27u0x8eqi,融资需求/额度,5,1000万以上,4
GO_hg4riw4v35,融资需求/期限,1,6个月以下,0
GO_hg4riw4v35,融资需求/期限,2,6-12个月,1
GO_hg4riw4v35,融资需求/期限,3,12-24个月,2
GO_hg4riw4v35,融资需求/期限,4,24-36个月,3
GO_hg4riw4v35,融资需求/期限,5,36个月以上,4
GO_bd8p5ufzut,任务事项,0,其他,0
GO_bd8p5ufzut,任务事项,1,线索研判,1
C_GO_pam3agrdw7,行业,2,农业,0
C_GO_pam3agrdw7,行业,3,生产性服务业,1
C_GO_pam3agrdw7,行业,4,生活性服务业,2
GO_bd8p5ufzut,任务事项,2,专项研判,2
GO_schedule_type,日程类型分类,GOI_1,会议,0
GO_n8ji8cznv5,重要性,1,C,3
GO_n8ji8cznv5,重要性,2,B,2
GO_n8ji8cznv5,重要性,4,D,4
GO_schedule_activity_type,日程活动类型,GOI_roadshow,重大项目路演,0
GO_cooperate_partner_type,合作伙伴类型,BTE_company,上市公司,0
GO_schedule_activity_type,日程活动类型,GOI_financing_activities,常态化路演,1
GO_schedule_activity_type,日程活动类型,GOI_industry_seminar,行业研讨会,3
GO_schedule_activity_type,日程活动类型,GOI_other,其他,5
GO_n8ji8cznv5,重要性,5,B+,1
GO_bmmogspz34,投资机构级别,10,A,0
GO_bmmogspz34,投资机构级别,20,A-,1
GO_bmmogspz34,投资机构级别,30,B,2
GO_bmmogspz34,投资机构级别,40,C,3
GO_ufphsxgy5i,金融机构级别,10,A,0
GO_ufphsxgy5i,金融机构级别,20,B,1
GO_ufphsxgy5i,金融机构级别,30,C,2
GO_i67exqgmxu,专家关联机构类型,GOI_s6l6aqxn8o,市属国资,0
GO_i67exqgmxu,专家关联机构类型,GOI_eh0g39xxyr,券商系,1
GO_i67exqgmxu,专家关联机构类型,GOI_u0utsf1i62,市场化,2
GO_i67exqgmxu,专家关联机构类型,GOI_chrr05h1gh,FA,3
GO_i67exqgmxu,专家关联机构类型,GOI_acs4q9seih,咨询机构,4
GO_i67exqgmxu,专家关联机构类型,GOI_a9qx6k3yzt,协会,5
GO_i67exqgmxu,专家关联机构类型,GOI_se2hmv1tc7,家办,6
GO_i67exqgmxu,专家关联机构类型,GOI_h22p42t67k,媒体,7
GO_i67exqgmxu,专家关联机构类型,GOI_vm2i08mq9w,商会,8
GO_i67exqgmxu,专家关联机构类型,GOI_aamlquoiam,资本金供应商,9
GO_i67exqgmxu,专家关联机构类型,GOI_h7jb5d6n46,猎头公司,10
GO_i67exqgmxu,专家关联机构类型,GOI_d1z9rtiwi2,上市公司,11
GO_i67exqgmxu,专家关联机构类型,GOI_sobzynmptl,央企,12
GO_i67exqgmxu,专家关联机构类型,GOI_xxkhptclyo,省属国企,13
GO_i67exqgmxu,专家关联机构类型,GOI_qfrg6qap80,市属国企,14
GO_i67exqgmxu,专家关联机构类型,GOI_vtbpsj0fb5,民企,15
GO_i67exqgmxu,专家关联机构类型,GOI_i2c5yvhfse,城商行,16
GO_i67exqgmxu,专家关联机构类型,GOI_rfjc11kh2z,央企子公司,17
GO_i67exqgmxu,专家关联机构类型,GOI_nza0cehxju,其他,18
GO_olo5iw66wb,专家所属机构类型,GOI_lpqyq88nly,产业CVC,0
GO_olo5iw66wb,专家所属机构类型,GOI_spyq7jmshm,国家大基金管理人,1
GO_olo5iw66wb,专家所属机构类型,GOI_wmmq9c7ep8,国企国资,2
GO_olo5iw66wb,专家所属机构类型,GOI_y5amoaubj6,国资,3
GO_olo5iw66wb,专家所属机构类型,GOI_e3vs7lmgf3,省属国资,4
GO_olo5iw66wb,专家所属机构类型,GOI_ry17n6p9gi,央企CVC,5
GO_olo5iw66wb,专家所属机构类型,GOI_uifi79mugp,央企,6
GO_olo5iw66wb,专家所属机构类型,GOI_w0lggskraa,高新区国资,7
GO_olo5iw66wb,专家所属机构类型,GOI_ijfbogg3wf,市属国资,8
GO_olo5iw66wb,专家所属机构类型,GOI_k6x0z6j9me,券商系,9
GO_olo5iw66wb,专家所属机构类型,GOI_lwqro9qgtb,市场化,10
GO_olo5iw66wb,专家所属机构类型,GOI_jqx4ch19p1,FA,11
GO_olo5iw66wb,专家所属机构类型,GOI_m78h9t5cwb,咨询机构,12
GO_olo5iw66wb,专家所属机构类型,GOI_wjcagfpb6m,协会,13
GO_olo5iw66wb,专家所属机构类型,GOI_akhfsw8566,家办,14
GO_olo5iw66wb,专家所属机构类型,GOI_byudx79mv1,媒体,15
GO_olo5iw66wb,专家所属机构类型,GOI_fzfu9dsdvq,商会,16
GO_olo5iw66wb,专家所属机构类型,GOI_vhi9zbk77y,资本金供应商,17
GO_olo5iw66wb,专家所属机构类型,GOI_ssyxp4ewd8,猎头公司,18
GO_olo5iw66wb,专家所属机构类型,GOI_wkpx0d2e7r,上市公司,19
GO_olo5iw66wb,专家所属机构类型,GOI_bqrdar15bp,省属国企,20
GO_olo5iw66wb,专家所属机构类型,GOI_gyyca1iy1h,市属国企,21
GO_olo5iw66wb,专家所属机构类型,GOI_in9yt507bb,民企,22
GO_olo5iw66wb,专家所属机构类型,GOI_uvk861fji5,城商行,23
GO_olo5iw66wb,专家所属机构类型,GOI_s5817t46ee,央企子公司,24
GO_olo5iw66wb,专家所属机构类型,GOI_in2zk5jnh0,其他,25
GO_sh7s5dtnwh,待办重要性,GOI_1,非常重要,0
GO_sh7s5dtnwh,待办重要性,GOI_2,较为重要,1
GO_sh7s5dtnwh,待办重要性,GOI_3,一般重要,2
GO_sh7s5dtnwh,待办重要性,GOI_4,不重要,3
GO_eyls9msrcg,待办紧急程度,GOI_urgent,紧急,0
GO_eyls9msrcg,待办紧急程度,GOI_not_urgent,不紧急,1
GO_lr3gkqgc20,国家及地区,GOI_ypi3coxzu1,中国,0
GO_lr3gkqgc20,国家及地区,GOI_fnp6nmmf59,阿富汗,1
GO_lr3gkqgc20,国家及地区,GOI_wfzkrajuso,阿尔巴尼亚,2
GO_lr3gkqgc20,国家及地区,GOI_r7k53sl56o,阿尔及利亚,3
GO_lr3gkqgc20,国家及地区,GOI_xjggg4v47p,安道尔,4
GO_lr3gkqgc20,国家及地区,GOI_ynghoq64b2,安提瓜和巴布达,5
GO_lr3gkqgc20,国家及地区,GOI_z9u9uwg8lj,阿根廷,6
GO_lr3gkqgc20,国家及地区,GOI_hfxhcrduxs,澳大利亚,7
GO_lr3gkqgc20,国家及地区,GOI_n63jzjcz4o,奥地利,8
GO_lr3gkqgc20,国家及地区,GOI_vftiykudmf,巴哈马,9
GO_lr3gkqgc20,国家及地区,GOI_ic7sufgzc2,孟加拉国,10
GO_lr3gkqgc20,国家及地区,GOI_glv1fxcg6k,巴巴多斯,11
GO_lr3gkqgc20,国家及地区,GOI_kk99295z61,白俄罗斯,12
GO_lr3gkqgc20,国家及地区,GOI_mbiuu8didm,比利时,13
GO_lr3gkqgc20,国家及地区,GOI_jtlyw1tgau,伯利兹,14
GO_lr3gkqgc20,国家及地区,GOI_apqqhmexr6,贝宁,15
GO_lr3gkqgc20,国家及地区,GOI_y84d3b6l7g,不丹,16
GO_lr3gkqgc20,国家及地区,GOI_inzmuecsyz,玻利维亚,17
GO_lr3gkqgc20,国家及地区,GOI_t6bln41ber,博茨瓦纳,18
GO_lr3gkqgc20,国家及地区,GOI_t0tvfgi10r,巴西,19
GO_lr3gkqgc20,国家及地区,GOI_ds8ijp814z,文莱,20
GO_lr3gkqgc20,国家及地区,GOI_z3jw4nr42m,保加利亚,21
GO_lr3gkqgc20,国家及地区,GOI_o3o4vz90ia,布基纳法索,22
GO_lr3gkqgc20,国家及地区,GOI_jbxb3svtp0,布隆迪,23
GO_gcdr3pvm01,上市板块,1,上交所主板,0
GO_gcdr3pvm01,上市板块,2,上交所科创板,1
GO_gcdr3pvm01,上市板块,3,深交所主板,2
GO_gcdr3pvm01,上市板块,4,深交所创业板,3
GO_gcdr3pvm01,上市板块,5,北交所,4
GO_g9dp0r2otj,资源类型,BTE_buyer,并购买方,8
GO_export_type,导出类型,GOI_export_temp,指定模板,2
GO_export_type,导出类型,GOI_export_view,指定视图,1
GO_export_type,导出类型,GOI_export_follow,跟随视图,0
GO_import_type,导入类型,GOI_import_temp,模板导入,1
GO_import_type,导入类型,GOI_import_attr,属性导入,0
GO_drdc_status,导入导出状态,GOI_drdc_fail,执行失败,4
GO_drdc_status,导入导出状态,GOI_drdc_success,执行成功,3
GO_drdc_status,导入导出状态,GOI_drdc_part,部分成功,2
GO_drdc_status,导入导出状态,GOI_drdc_in,进行中,1
GO_drdc_status,导入导出状态,GOI_drdc_no,未开始,0
GO_schedule_activity_type,日程活动类型,GOI_ecosystem_activities,生态活动,2
GO_uay71rbiwh,日程会议分类,GOI_weekly_meeting,周例会,0
GO_uay71rbiwh,日程会议分类,GOI_lead_meeting,线索会,1
GO_uay71rbiwh,日程会议分类,GOI_other,其他,2
GO_bd8p5ufzut,任务事项,3,项目接待,3
GO_responsible_department,新研机构主责部门,GOI_zphts37bic,市科技局,2
GO_responsible_department,新研机构主责部门,GOI_mfcs6gvcio,市投资促进局,3
GO_responsible_department,新研机构主责部门,GOI_bpqht7nnll,市委政法委,4
GO_responsible_department,新研机构主责部门,GOI_em1glte1wh,市农业农村局,5
GO_responsible_department,新研机构主责部门,GOI_pb0gc9vl4q,市委金融办,6
GO_responsible_department,新研机构主责部门,GOI_gxdws2idki,市财政局 ,7
GO_lr3gkqgc20,国家及地区,GOI_n9rd5lk7ec,韩国,24
GO_lr3gkqgc20,国家及地区,GOI_x223wx04lh,日本,25
GO_lr3gkqgc20,国家及地区,GOI_kqrfl21frp,菲律宾,26
GO_lr3gkqgc20,国家及地区,GOI_uuj29bgtnh,越南,27
GO_lr3gkqgc20,国家及地区,GOI_v35sqplic3,老挝,28
GO_lr3gkqgc20,国家及地区,GOI_k1xjh0d7yo,柬埔寨,29
GO_lr3gkqgc20,国家及地区,GOI_gso4jipgng,缅甸,30
GO_lr3gkqgc20,国家及地区,GOI_zoa1d19vuw,泰国,31
GO_lr3gkqgc20,国家及地区,GOI_wkec6fwrys,马来西亚,32
GO_lr3gkqgc20,国家及地区,GOI_x9h83lotcn,新加坡,33
GO_lr3gkqgc20,国家及地区,GOI_tvfxoa11um,印度尼西亚,34
GO_lr3gkqgc20,国家及地区,GOI_xs2npwcc20,东帝汶,35
GO_lr3gkqgc20,国家及地区,GOI_nwgc39f3t1,尼泊尔,36
GO_lr3gkqgc20,国家及地区,GOI_z3wbys2995,印度,37
GO_lr3gkqgc20,国家及地区,GOI_c7x6yzx5et,巴基斯坦,38
GO_lr3gkqgc20,国家及地区,GOI_ujrxolh5uj,斯里兰卡,39
GO_lr3gkqgc20,国家及地区,GOI_ncp7t96epi,马尔代夫,40
GO_lr3gkqgc20,国家及地区,GOI_d2jxcz39qd,哈萨克斯坦,41
GO_lr3gkqgc20,国家及地区,GOI_sheblw9f8a,吉尔吉斯斯坦,42
GO_lr3gkqgc20,国家及地区,GOI_t0gfiovn5s,塔吉克斯坦,43
GO_lr3gkqgc20,国家及地区,GOI_afygjqnxvj,乌兹别克斯坦,44
GO_lr3gkqgc20,国家及地区,GOI_ov37hmtf71,土库曼斯坦,45
GO_lr3gkqgc20,国家及地区,GOI_gz6h52imc7,伊拉克,46
GO_lr3gkqgc20,国家及地区,GOI_d5pwdsh4ja,伊朗,47
GO_lr3gkqgc20,国家及地区,GOI_a1mmhzghbk,叙利亚,48
GO_lr3gkqgc20,国家及地区,GOI_a7ojoeugjb,约旦,49
GO_lr3gkqgc20,国家及地区,GOI_sl6rgi72rn,黎巴嫩,50
GO_lr3gkqgc20,国家及地区,GOI_p22evuzbnc,以色列,51
GO_lr3gkqgc20,国家及地区,GOI_roq1wmnmnl,巴勒斯坦,52
GO_lr3gkqgc20,国家及地区,GOI_tnfge1j0hh,巴林,53
GO_lr3gkqgc20,国家及地区,GOI_orp13081jw,卡塔尔,54
GO_lr3gkqgc20,国家及地区,GOI_rdztgger60,科威特,55
GO_lr3gkqgc20,国家及地区,GOI_gkdvsg9xt9,阿拉伯联合酋长国,56
GO_lr3gkqgc20,国家及地区,GOI_sg901hocz3,阿曼,57
GO_lr3gkqgc20,国家及地区,GOI_rjc0qr8ga5,也门,58
GO_lr3gkqgc20,国家及地区,GOI_xzcmxrzjwg,格鲁吉亚,59
GO_lr3gkqgc20,国家及地区,GOI_umunk3vlcx,亚美尼亚,60
GO_lr3gkqgc20,国家及地区,GOI_f12axav5t9,阿塞拜疆,61
GO_lr3gkqgc20,国家及地区,GOI_dsxm5h9nen,土耳其,62
GO_lr3gkqgc20,国家及地区,GOI_fhzs28wuv0,塞浦路斯,63
GO_lr3gkqgc20,国家及地区,GOI_z1qs8zozgt,芬兰,64
GO_lr3gkqgc20,国家及地区,GOI_erssjxxpij,瑞典,65
GO_lr3gkqgc20,国家及地区,GOI_evmzdpg6z0,挪威,66
GO_lr3gkqgc20,国家及地区,GOI_dikbjyv7i2,冰岛,67
GO_lr3gkqgc20,国家及地区,GOI_efvwqlehyf,丹麦,68
GO_lr3gkqgc20,国家及地区,GOI_vlnb80thkw,爱沙尼亚,69
GO_lr3gkqgc20,国家及地区,GOI_bx7cby3knj,拉脱维亚,70
GO_lr3gkqgc20,国家及地区,GOI_yk6bh7hvjw,立陶宛,71
GO_lr3gkqgc20,国家及地区,GOI_fvgv6tbwtw,摩尔多瓦,72
GO_lr3gkqgc20,国家及地区,GOI_ch2qfztk1n,俄罗斯,73
GO_lr3gkqgc20,国家及地区,GOI_zewj4yqn6g,乌克兰,74
GO_lr3gkqgc20,国家及地区,GOI_umsoezii69,波兰,75
GO_lr3gkqgc20,国家及地区,GOI_jphv6lk0bc,捷克,76
GO_lr3gkqgc20,国家及地区,GOI_fpg0ai0hs5,斯洛伐克,77
GO_lr3gkqgc20,国家及地区,GOI_x0z1l346g4,匈牙利,78
GO_lr3gkqgc20,国家及地区,GOI_l5bfa6x0m7,德国,79
GO_lr3gkqgc20,国家及地区,GOI_kdnkm67q5d,瑞士,80
GO_lr3gkqgc20,国家及地区,GOI_c7enyzoczw,列支敦士登,81
GO_lr3gkqgc20,国家及地区,GOI_eo4ju38ch5,英国,82
GO_lr3gkqgc20,国家及地区,GOI_hk17xe5mn0,爱尔兰,83
GO_lr3gkqgc20,国家及地区,GOI_jv22zdrwr3,荷兰,84
GO_lr3gkqgc20,国家及地区,GOI_wqodop5pu8,卢森堡,85
GO_lr3gkqgc20,国家及地区,GOI_mo85ujgy34,法国,86
GO_lr3gkqgc20,国家及地区,GOI_nr4d703qkf,摩纳哥,87
GO_lr3gkqgc20,国家及地区,GOI_mwihx3a9ex,罗马尼亚,88
GO_lr3gkqgc20,国家及地区,GOI_q3cvb7a2e0,塞尔维亚,89
GO_lr3gkqgc20,国家及地区,GOI_suprteij10,北马其顿,90
GO_lr3gkqgc20,国家及地区,GOI_wp2uqjkwp9,斯洛文尼亚,91
GO_lr3gkqgc20,国家及地区,GOI_xz1vbp4xqm,克罗地亚,92
GO_lr3gkqgc20,国家及地区,GOI_levyj5t96d,黑山,93
GO_lr3gkqgc20,国家及地区,GOI_qkqacjql8d,波斯尼亚和黑塞哥维那,94
GO_lr3gkqgc20,国家及地区,GOI_rtyqtcifli,希腊,95
GO_lr3gkqgc20,国家及地区,GOI_av0481vae8,意大利,96
GO_lr3gkqgc20,国家及地区,GOI_qmvaoxa3qd,马耳他,97
GO_lr3gkqgc20,国家及地区,GOI_gomw72oyrb,梵蒂冈,98
GO_lr3gkqgc20,国家及地区,GOI_uer3ymzen5,圣马力诺,99
GO_lr3gkqgc20,国家及地区,GOI_bpurcveamn,西班牙,100
GO_lr3gkqgc20,国家及地区,GOI_w08n97lpiw,葡萄牙,101
GO_lr3gkqgc20,国家及地区,GOI_y6wbdlscz4,埃及,102
GO_lr3gkqgc20,国家及地区,GOI_shpyj86ejl,利比亚,103
GO_lr3gkqgc20,国家及地区,GOI_otn56z7jf8,突尼斯,104
GO_lr3gkqgc20,国家及地区,GOI_ymtkaispw2,摩洛哥,105
GO_lr3gkqgc20,国家及地区,GOI_lc6c6p4let,苏丹,106
GO_lr3gkqgc20,国家及地区,GOI_ojdapd4e9e,南苏丹,107
GO_lr3gkqgc20,国家及地区,GOI_l6shh931uq,埃塞俄比亚,108
GO_lr3gkqgc20,国家及地区,GOI_j7d39gi8ov,厄立特里亚,109
GO_lr3gkqgc20,国家及地区,GOI_es8vpicciy,索马里,110
GO_lr3gkqgc20,国家及地区,GOI_zkj9x7j8ts,吉布提,111
GO_lr3gkqgc20,国家及地区,GOI_ap4j21mpkp,肯尼亚,112
GO_lr3gkqgc20,国家及地区,GOI_p204m7fw2i,坦桑尼亚,113
GO_lr3gkqgc20,国家及地区,GOI_hcda85tarn,乌干达,114
GO_lr3gkqgc20,国家及地区,GOI_yscjecsxqs,卢旺达,115
GO_lr3gkqgc20,国家及地区,GOI_kz4cyydjgo,塞舌尔,116
GO_lr3gkqgc20,国家及地区,GOI_ytu5ed7bt6,乍得,117
GO_lr3gkqgc20,国家及地区,GOI_whbqgu7y4u,中非,118
GO_lr3gkqgc20,国家及地区,GOI_ov1ui1mxh7,喀麦隆,119
GO_lr3gkqgc20,国家及地区,GOI_wyou9j54b0,赤道几内亚,120
GO_lr3gkqgc20,国家及地区,GOI_q02i8lu389,加蓬,121
GO_lr3gkqgc20,国家及地区,GOI_m6rqntblpq,刚果共和国,122
GO_lr3gkqgc20,国家及地区,GOI_frk8a1zyrb,刚果民主共和国,123
GO_lr3gkqgc20,国家及地区,GOI_kfm32r7bsi,圣多美和普林西比,124
GO_lr3gkqgc20,国家及地区,GOI_ew9r2z9t4r,毛里塔尼亚,125
GO_lr3gkqgc20,国家及地区,GOI_r2wq7txjyf,塞内加尔,126
GO_lr3gkqgc20,国家及地区,GOI_zpzwse8th6,冈比亚,127
GO_lr3gkqgc20,国家及地区,GOI_h6dnayrkxs,马里,128
GO_lr3gkqgc20,国家及地区,GOI_evimu8ns96,几内亚,129
GO_lr3gkqgc20,国家及地区,GOI_lo8zqzv2jk,几内亚比绍,130
GO_lr3gkqgc20,国家及地区,GOI_rl4s9xzxnd,佛得角,131
GO_lr3gkqgc20,国家及地区,GOI_tijcbzb6h2,塞拉利昂,132
GO_lr3gkqgc20,国家及地区,GOI_r43bqmyxqt,利比里亚,133
GO_lr3gkqgc20,国家及地区,GOI_br1gwcm772,科特迪瓦,134
GO_lr3gkqgc20,国家及地区,GOI_lr0nt6l3pk,加纳,135
GO_lr3gkqgc20,国家及地区,GOI_baol1zxwfe,多哥,136
GO_lr3gkqgc20,国家及地区,GOI_r0gz5qt02k,尼日尔,137
GO_lr3gkqgc20,国家及地区,GOI_hquw2necse,尼日利亚,138
GO_lr3gkqgc20,国家及地区,GOI_vwz9yia4rl,赞比亚,139
GO_lr3gkqgc20,国家及地区,GOI_k50ow378eq,安哥拉,140
GO_lr3gkqgc20,国家及地区,GOI_hpawzgjfr0,津巴布韦,141
GO_lr3gkqgc20,国家及地区,GOI_rltovsd0mx,马拉维,142
GO_lr3gkqgc20,国家及地区,GOI_gml2w7iish,莫桑比克,143
GO_lr3gkqgc20,国家及地区,GOI_fv0tz4ghst,纳米比亚,144
GO_lr3gkqgc20,国家及地区,GOI_k2hj7mc2uj,南非,145
GO_lr3gkqgc20,国家及地区,GOI_jt7tkp3h1b,斯威士兰,146
GO_lr3gkqgc20,国家及地区,GOI_c3ylbcb8qw,莱索托,147
GO_lr3gkqgc20,国家及地区,GOI_ji4bzp3uhf,马达加斯加,148
GO_lr3gkqgc20,国家及地区,GOI_xpotfjkbq1,科摩罗,149
GO_lr3gkqgc20,国家及地区,GOI_v30lhteisb,毛里求斯,150
GO_lr3gkqgc20,国家及地区,GOI_dy8aubpp8l,加拿大,151
GO_lr3gkqgc20,国家及地区,GOI_kzbidiu03r,美国,152
GO_lr3gkqgc20,国家及地区,GOI_afeob5data,墨西哥,153
GO_lr3gkqgc20,国家及地区,GOI_b6zj2gisx0,危地马拉,154
GO_lr3gkqgc20,国家及地区,GOI_zdt1x66e6u,萨尔瓦多,155
GO_lr3gkqgc20,国家及地区,GOI_vyeromd7a1,洪都拉斯,156
GO_lr3gkqgc20,国家及地区,GOI_plrwdpk94n,尼加拉瓜,157
GO_lr3gkqgc20,国家及地区,GOI_ox26a141cd,哥斯达黎加,158
GO_lr3gkqgc20,国家及地区,GOI_ncfsrlvir5,巴拿马,159
GO_lr3gkqgc20,国家及地区,GOI_e95uw44244,古巴,160
GO_lr3gkqgc20,国家及地区,GOI_nql1lu3hry,牙买加,161
GO_lr3gkqgc20,国家及地区,GOI_vycdwfbchy,海地,162
GO_lr3gkqgc20,国家及地区,GOI_c9uu2dmd0z,多米尼加,163
GO_lr3gkqgc20,国家及地区,GOI_wdlgn4rh6r,圣基茨和尼维斯,164
GO_lr3gkqgc20,国家及地区,GOI_ihktb13bov,多米尼克,165
GO_lr3gkqgc20,国家及地区,GOI_m13naafqqr,圣卢西亚,166
GO_lr3gkqgc20,国家及地区,GOI_u8klqq9x33,圣文森特和格林纳丁斯,167
GO_lr3gkqgc20,国家及地区,GOI_zchjum9lvd,格林纳达,168
GO_lr3gkqgc20,国家及地区,GOI_h4yiih69rw,特立尼达和多巴哥,169
GO_lr3gkqgc20,国家及地区,GOI_q98pc0yzpc,哥伦比亚,170
GO_lr3gkqgc20,国家及地区,GOI_r6jrq6jbdx,委内瑞拉,171
GO_lr3gkqgc20,国家及地区,GOI_fpehfjweue,圭亚那,172
GO_lr3gkqgc20,国家及地区,GOI_bb8ow6cyuq,苏里南,173
GO_lr3gkqgc20,国家及地区,GOI_a7qavrlgmx,厄瓜多尔,174
GO_lr3gkqgc20,国家及地区,GOI_hlfh2ael1c,秘鲁,175
GO_lr3gkqgc20,国家及地区,GOI_yci43mor0e,智利,176
GO_lr3gkqgc20,国家及地区,GOI_xt3yrmxcie,乌拉圭,177
GO_lr3gkqgc20,国家及地区,GOI_se9mf35eez,巴拉圭,178
GO_lr3gkqgc20,国家及地区,GOI_kfiojeatm6,新西兰,179
GO_lr3gkqgc20,国家及地区,GOI_sj6n07gbqe,帕劳,180
GO_lr3gkqgc20,国家及地区,GOI_w7zlskkqbv,密克罗尼西亚联邦,181
GO_lr3gkqgc20,国家及地区,GOI_yfw9vrtllu,马绍尔群岛,182
GO_lr3gkqgc20,国家及地区,GOI_dybqkdsqqv,基里巴斯,183
GO_lr3gkqgc20,国家及地区,GOI_uisl3ip9by,瑙鲁,184
GO_lr3gkqgc20,国家及地区,GOI_iszbuirci3,巴布亚新几内亚,185
GO_lr3gkqgc20,国家及地区,GOI_f6ofibop01,所罗门群岛,186
GO_lr3gkqgc20,国家及地区,GOI_bl5yg8lprj,瓦努阿图,187
GO_lr3gkqgc20,国家及地区,GOI_zj8lvklu3b,斐济,188
GO_lr3gkqgc20,国家及地区,GOI_f75sfvuo0r,图瓦卢,189
GO_lr3gkqgc20,国家及地区,GOI_eyzoaiy7rr,萨摩亚,190
GO_lr3gkqgc20,国家及地区,GOI_r158qz2exx,汤加,191
GO_lr3gkqgc20,国家及地区,GOI_dyne9xa29i,库克群岛,192
GO_lr3gkqgc20,国家及地区,GOI_kmcb4b1yff,纽埃,193
GO_n8ji8cznv5,重要性,GOI_zjc8waywt7,--,5
C_GO_pam3agrdw7,行业,5,工业-制造业,3
C_GO_pam3agrdw7,行业,6,工业-非制造业,4
GO_grjda95ish,问题类型,1,应用场景,0
GO_grjda95ish,问题类型,2,环评指标,1
GO_grjda95ish,问题类型,3,能评指标,2
GO_grjda95ish,问题类型,4,政策支持,3
GO_grjda95ish,问题类型,5,用地支持-用地指标,4
GO_grjda95ish,问题类型,6,用地支持-规划调整,5
GO_grjda95ish,问题类型,7,厂房支持,6
GO_grjda95ish,问题类型,8,供应链对接,7
GO_grjda95ish,问题类型,9,能源支持,8
GO_grjda95ish,问题类型,10,股权,9
GO_grjda95ish,问题类型,11,债权,10
GO_grjda95ish,问题类型,12,资源对接需求,11
GO_yhjtw3xdyu,项目来源,1,市局项目,0
GO_yhjtw3xdyu,项目来源,2,投促公司项目,1
GO_yhjtw3xdyu,项目来源,3,外部机构项目,2
GO_r4efv8dda0,可用地情况,6,计划未解决,2
GO_r4efv8dda0,可用地情况,3,已供地,3
GO_r4efv8dda0,可用地情况,4,已征收未供地,4
GO_r4efv8dda0,可用地情况,5,计划已解决,5
